Internal index number,CPS identifier,[Fe/H],mass,,err_[Fe/H],logg,err_logg,Radius,err_R,,err_mass,GG?,Teff,err_Teff
0,10002,0.251,0.928,,0.058,4.449,0.03,0.949,0.021,,0.04,,5313.8,74.9
1,10008,0.024,0.897,,0.059,4.553,0.018,0.832,0.014,,0.028,,5315.9,80.8
2,100180,0.009,1.062,,0.06,4.361,0.032,1.125,0.026,,0.049,,5983.4,93.3
3,100623,-0.321,0.748,,0.059,4.576,0.022,0.734,0.012,,0.028,,5200.9,60.4
4,101259,-0.634,1.228,,0.061,3.178,0.059,4.724,0.115,,0.148,,5141.3,61.5
5,10145,0.004,0.921,,0.058,4.333,0.027,1.08,0.025,,0.036,,5641.2,77.6
6,101501,-0.009,0.923,,0.058,4.52,0.024,0.876,0.017,,0.033,,5503.6,72.8
7,102158,-0.356,0.848,,0.057,4.219,0.02,1.184,0.028,,0.016,,5848,50
8,103095,-1.146,0.628,,0.057,4.684,0.017,0.596,0.004,,0.02,,5263.3,43.3
9,103432,-0.086,0.922,,0.059,4.483,0.032,0.909,0.02,,0.044,,5651.2,78.7
10,103829,0.16,1.09,,0.059,4.17,0.032,1.424,0.034,,0.058,,5785,89.6
11,104067,0.087,0.818,,0.059,4.564,0.024,0.781,0.014,,0.03,,4939,63.8
12,104304,0.294,1.026,,0.06,4.434,0.031,1.019,0.022,,0.045,,5538.6,83.2
13,104556,-0.39,0.983,,0.06,3.28,0.049,3.764,0.088,,0.103,,4984.3,55.6
14,10476,0.004,0.842,,0.056,4.516,0.028,0.835,0.017,,0.033,,5215.3,70.7
15,104800,-0.623,0.788,,0.058,4.369,0.017,0.959,0.017,,0.016,,5939.1,56
16,105113,-0.12,1.054,,0.062,3.973,0.099,1.732,0.261,,0.085,,5827.6,98.7
17,105618,0.355,1.131,,0.055,4.268,0.03,1.295,0.032,,0.046,,5699.6,89.9
18,105631,0.203,0.975,,0.058,4.502,0.024,0.92,0.017,,0.038,,5420.8,72.3
19,106116,0.16,1.002,,0.06,4.342,0.032,1.115,0.026,,0.047,,5654.8,92.4
20,106156,0.219,0.975,,0.06,4.492,0.025,0.93,0.017,,0.041,,5417.3,76.7
21,10697,0.16,1.156,,0.06,3.958,0.022,1.863,0.045,,0.032,,5645.1,98.4
22,10700,-0.417,0.755,,0.058,4.508,0.013,0.799,0.01,,0.015,,5461.1,49.2
23,107148,0.296,1.105,,0.058,4.345,0.028,1.169,0.027,,0.043,,5752.9,86.2
24,10780,0.055,0.904,,0.056,4.547,0.02,0.842,0.013,,0.03,,5312.3,80.6
25,10790,0.375,1.02,,0.057,4.252,0.032,1.248,0.036,,0.04,,5474,89.1
26,108874,0.221,0.996,,0.061,4.359,0.032,1.091,0.026,,0.046,,5570,90.9
27,109358,-0.199,0.904,,0.059,4.3,0.029,1.11,0.026,,0.038,,5846,85.8
28,11020,-0.155,0.793,,0.053,4.497,0.015,0.829,0.014,,0.018,,5296.3,60.2
29,110537,0.105,0.996,,0.06,4.266,0.031,1.214,0.029,,0.044,,5694.6,92.4
30,110897,-0.46,0.823,,0.059,4.325,0.021,1.03,0.021,,0.021,,5898.4,62.9
31,111031,0.272,1.099,,0.06,4.281,0.029,1.253,0.03,,0.045,,5736.6,91.8
32,111395,0.119,1.005,,0.058,4.486,0.023,0.95,0.019,,0.037,,5615.1,72.2
33,111484a,0.084,1.193,,0.059,4.35,0.025,1.205,0.024,,0.04,,6196.3,81
34,111484b,0.118,1.202,,0.061,4.357,0.021,1.201,0.026,,0.036,,6179.9,68.8
35,111515,-0.474,0.762,,0.058,4.494,0.016,0.816,0.012,,0.018,,5563.9,53.1
36,112257,-0.011,0.926,,0.058,4.265,0.025,1.172,0.027,,0.032,,5666.4,73.1
37,112914,-0.254,0.709,,0.056,4.619,0.018,0.684,0.012,,0.025,,4876.5,70
38,114174,0.061,0.968,,0.06,4.32,0.031,1.125,0.027,,0.044,,5694.1,90.3
39,114613,0.178,1.247,,0.062,3.882,0.019,2.114,0.053,,0.028,,5633.5,96
40,114729,-0.272,0.955,,0.062,3.98,0.023,1.651,0.039,,0.029,,5755.8,98.6
41,114762,-0.603,0.827,,0.058,4.155,0.023,1.257,0.031,,0.018,,6004.6,64.3
42,114783,0.151,0.867,,0.058,4.526,0.027,0.841,0.017,,0.036,,5126.7,68.3
43,114946,-0.226,1.467,,0.06,3.303,0.043,4.466,0.108,,0.125,,5047.9,60
44,115404a,-0.113,0.781,,0.056,4.591,0.021,0.74,0.013,,0.029,,4994.4,68.3
45,115589,0.247,0.919,,0.059,4.461,0.029,0.932,0.02,,0.039,,5282.6,73.5
46,115617,0.028,0.914,,0.06,4.369,0.028,1.033,0.023,,0.037,,5585.6,78.9
47,116321,0.29,1.639,,0.06,3.953,0.021,2.229,0.05,,0.035,,6380.1,98.5
48,116442,-0.31,0.759,,0.059,4.546,0.02,0.765,0.011,,0.026,,5297,58.3
49,116443,-0.289,0.742,,0.058,4.577,0.019,0.731,0.011,,0.025,,5145,58
50,116956,0.172,0.956,,0.059,4.536,0.016,0.875,0.014,,0.027,,5348.3,59.6
51,117176,-0.04,1.061,,0.061,3.893,0.021,1.922,0.048,,0.029,,5481.9 1,0.7
52,117207,0.225,1.024,,0.061,4.342,0.032,1.128,0.027,,0.047,,5634.8,95.6
53,117936,0.088,0.786,,0.058,4.584,0.02,0.749,0.013,,0.026,,4780.9,62.1
54,118914,0.159,1.019,,0.06,4.322,0.031,1.151,0.027,,0.047,,5699.8,95
55,11964a,0.138,1.151,,0.06,3.873,0.02,2.048,0.053,,0.033,,5345.6 1,0.5
56,120066,0.101,1.1,,0.063,4.096,0.034,1.555,0.037,,0.066,,5833.8,99.9
57,120136,0.272,1.403,,0.057,4.264,0.02,1.44,0.031,,0.034,,6461.3,81.2
58,12051,0.23,0.967,,0.06,4.407,0.033,1.017,0.023,,0.046,,5472,86.1
59,122652,0.019,1.135,,0.06,4.348,0.03,1.175,0.029,,0.047,,6155.4,88.4
60,124106,-0.068,0.812,,0.058,4.568,0.023,0.775,0.014,,0.03,,5091.8,73.5
61,124292,-0.047,0.876,,0.057,4.465,0.032,0.905,0.02,,0.041,,5486.8,83.6
62,125184,0.308,1.176,,0.06,4.083,0.036,1.646,0.039,,0.073,,5712,87.4
63,125455,-0.088,0.806,,0.056,4.549,0.026,0.788,0.015,,0.033,,5155.5,73.3
64,126053,-0.282,0.84,,0.061,4.402,0.026,0.952,0.02,,0.032,,5737.2,72.8
65,12661,0.338,1.085,,0.059,4.316,0.029,1.198,0.027,,0.044,,5661.2,94.1
66,126614,0.408,1.021,,0.046,4.174,0.026,1.37,0.031,,0.033,,5409.8,84.5
67,127334,0.229,1.049,,0.061,4.275,0.031,1.236,0.029,,0.047,,5676.8,95.2
68,128165,0.015,0.773,,0.057,4.576,0.02,0.748,0.013,,0.026,,4840.1,63.2
69,128311,0.134,0.837,,0.059,4.574,0.02,0.783,0.013,,0.029,,4931.9,66
70,12846,-0.195,0.868,,0.058,4.402,0.03,0.967,0.021,,0.038,,5713.6,80.3
71,129010,0.111,1.368,,0.058,3.972,0.033,1.988,0.046,,0.081,,6056.9,81.6
72,129814,-0.014,0.973,,0.06,4.244,0.03,1.231,0.029,,0.043,,5778.8,93.7
73,130004,-0.208,0.747,,0.053,4.601,0.02,0.714,0.013,,0.027,,4986.5,64.9
74,130307,-0.131,0.778,,0.057,4.592,0.021,0.739,0.013,,0.029,,5014.2,66.1
75,130322,0.086,0.933,,0.058,4.526,0.024,0.872,0.017,,0.032,,5400.5,66.8
76,13043,0.092,1.092,,0.058,4.167,0.031,1.429,0.033,,0.056,,5869.7,87.4
77,130871,-0.148,0.738,,0.051,4.598,0.019,0.712,0.012,,0.025,,4885.9,65.1
78,130992,-0.03,0.756,,0.058,4.593,0.019,0.727,0.013,,0.026,,4796.4,65
79,131117,0.159,1.32,,0.058,4.023,0.033,1.842,0.043,,0.077,,5972.8,81.6
80,131156,-0.08,0.893,,0.062,4.539,0.036,0.841,0.037,,0.035,,5479.5,93.5
81,131509,-0.089,1.185,,0.06,3.634,0.041,2.738,0.068,,0.086,,5049.8,81
82,132142,-0.294,0.758,,0.06,4.526,0.013,0.784,0.011,,0.017,,5316.6,55.4
83,132505,0.319,1.274,,0.061,4.196,0.024,1.485,0.038,,0.034,,5972.9 1,5.1
84,134439,0.54,0.54,,0.05,4.571,0.01,0.63,0.05,,0.05,M star,0,0
85,134440,0.54,0.62,,0.05,4.659,0.01,0.61,0.05,,0.05,,0,0
86,134987,0.282,1.093,,0.061,4.252,0.029,1.292,0.031,,0.047,,5700.8,87.5
87,135101a,0.078,1.013,,0.062,4.09,0.026,1.499,0.036,,0.037,,5637.8,97.8
88,13612b,0.107,0.986,,0.059,4.39,0.034,1.048,0.024,,0.05,,5665.5,91.8
89,136352,-0.254,0.846,,0.058,4.358,0.023,1.006,0.022,,0.026,,5746.5,65
90,136442,0.334,1.223,,0.06,3.551,0.051,3.078,0.07,,0.127,,4749.9,68.7
91,136713,0.222,0.851,,0.06,4.551,0.024,0.81,0.014,,0.031,,4944.2,64.7
92,136834,0.259,0.859,,0.059,4.545,0.025,0.82,0.015,,0.032,,4951.7,64
93,136925,-0.217,0.875,,0.059,4.226,0.022,1.193,0.028,,0.022,,5773.2,58.1
94,137778,0.236,0.903,,0.059,4.548,0.022,0.837,0.014,,0.029,,5099.4,59.5
95,138549,0.066,0.953,,0.06,4.452,0.033,0.96,0.022,,0.048,,5584.5,85.5
96,138776,0.362,1.11,,0.056,4.215,0.029,1.365,0.032,,0.053,,5631.3,78.3
97,1388,-0.002,1.027,,0.061,4.263,0.03,1.237,0.029,,0.046,,5904.8,95.1
98,13931,0.041,1.016,,0.061,4.215,0.03,1.302,0.031,,0.046,,5805.5,96.6
99,139323,0.349,0.91,,0.056,4.503,0.029,0.884,0.017,,0.039,,5114.1,73.2
100,139457,-0.42,0.946,,0.062,4.011,0.024,1.585,0.037,,0.03,,5981.1,99.7
101,13997,0.301,0.999,,0.06,4.435,0.033,1.002,0.023,,0.047,,5468.1,85.3
102,140538a,0.07,0.988,,0.059,4.469,0.029,0.959,0.021,,0.043,,5649.6,75.5
103,141004,0.025,1.052,,0.062,4.174,0.031,1.389,0.033,,0.051,,5885.4,94.3
104,141272,0.033,0.898,,0.058,4.546,0.021,0.841,0.015,,0.032,,5327.6,81.4
105,141399,0.366,1.091,,0.057,4.194,0.032,1.387,0.031,,0.056,,5594.8,86.5
106,142229,0.036,1.063,,0.057,4.453,0.022,1.012,0.021,,0.034,,5885.6,69.1
107,142267,-0.381,0.83,,0.06,4.359,0.023,0.993,0.021,,0.025,,5828.6,65.8
108,143291,-0.344,0.761,,0.058,4.542,0.021,0.77,0.011,,0.025,,5349.3,59.7
109,143761,-0.194,0.911,,0.059,4.132,0.025,1.355,0.032,,0.031,,5770.3,84
110,14412,-0.405,0.766,,0.058,4.558,0.026,0.759,0.013,,0.031,,5388.2,68.3
111,144287,-0.007,0.873,,0.056,4.404,0.023,0.968,0.02,,0.026,,5480.4,67.2
112,144579,-0.529,0.73,,0.054,4.534,0.011,0.763,0.007,,0.014,,5446.3,47.5
113,144585,0.307,1.185,,0.06,4.22,0.029,1.397,0.033,,0.05,,5795.1 1,7
114,144988,-0.18,1.216,,0.062,3.786,0.019,2.329,0.054,,0.032,,5842.7,97.9
115,145675,0.405,0.969,,0.047,4.427,0.031,0.996,0.022,,0.042,,5314.9,81.6
116,145809,-0.245,0.966,,0.061,3.962,0.023,1.696,0.04,,0.029,,5711.9,97.3
117,145934,0.095,1.813,,0.06,3.011,0.059,6.931,0.172,,0.232,,4823.7,78.1
118,145958a,0.052,0.911,,0.058,4.35,0.024,1.053,0.022,,0.031,,5555.9,70.5
119,145958b,0.058,0.904,,0.058,4.369,0.024,1.025,0.021,,0.031,,5521.2,70.7
120,1461,0.182,1.031,,0.062,4.327,0.031,1.152,0.027,,0.047,,5695.2,94.3
121,146233,0.035,0.995,,0.059,4.467,0.027,0.966,0.019,,0.044,,5709.7,78.4
122,146362b,-0.018,1.026,,0.059,4.44,0.027,1.009,0.022,,0.044,,5886.4,79.3
123,146775,-0.055,0.964,,0.06,4.36,0.034,1.072,0.025,,0.048,,5819.7,94.5
124,147231,0.018,0.919,,0.059,4.304,0.024,1.117,0.025,,0.031,,5620.4,70.8
125,149661,0.074,0.885,,0.059,4.54,0.025,0.837,0.016,,0.033,,5237.3,69.9
126,149724,0.364,1.149,,0.056,4.153,0.03,1.49,0.034,,0.061,,5648.4,71.8
127,149806,0.238,0.949,,0.058,4.499,0.029,0.908,0.02,,0.039,,5313.7,72.5
128,150433,-0.273,0.845,,0.061,4.307,0.019,1.068,0.023,,0.017,,5771.8,51.7
129,150437,0.302,1.151,,0.058,4.222,0.029,1.369,0.034,,0.05,,5744.1,86.5
130,150698,0.223,1.27,,0.061,3.965,0.037,1.954,0.046,,0.084,,5870.4,94
131,151541,-0.114,0.831,,0.058,4.496,0.028,0.849,0.018,,0.034,,5376.8,76.6
132,151877,-0.076,0.825,,0.058,4.54,0.028,0.804,0.016,,0.035,,5219.2,71.7
133,152391,0.036,0.93,,0.057,4.528,0.023,0.869,0.018,,0.029,,5448,62.9
134,152792,-0.322,1.022,,0.062,3.83,0.021,2.028,0.049,,0.025,,5611.8 1,1.6
135,15335,-0.135,1.084,,0.061,3.937,0.022,1.85,0.046,,0.033,,5856.3,99.5
136,153458,0.102,1.052,,0.057,4.435,0.027,1.03,0.021,,0.043,,5800.8,77.6
137,153525,-0.03,0.772,,0.059,4.601,0.017,0.729,0.012,,0.025,,4825.1,65.4
138,153557,0.005,0.794,,0.062,4.58,0.1,0.755,0.026,,0.031,,4916.5,98.4
139,154088,0.342,0.99,,0.058,4.446,0.031,0.986,0.021,,0.046,,5401.1,85.3
140,154345,-0.07,0.886,,0.06,4.505,0.032,0.87,0.019,,0.041,,5490.6,81.1
141,155712,-0.048,0.784,,0.052,4.559,0.022,0.767,0.013,,0.028,,4999.7,64.3
142,156279,0.192,0.96,,0.058,4.45,0.033,0.966,0.022,,0.047,,5458.2,84.2
143,156365,0.289,1.346,,0.059,4.018,0.034,1.873,0.045,,0.078,,5848.1,76.9
144,156668,0.049,0.785,,0.056,4.551,0.018,0.775,0.012,,0.024,,4903.7,59.6
145,156826,-0.171,1.373,,0.061,3.524,0.035,3.348,0.074,,0.089,,5105.5,75.3
146,156985,-0.082,0.749,,0.056,4.585,0.018,0.728,0.013,,0.025,,4863.9,64.5
147,157172,0.173,0.962,,0.06,4.457,0.033,0.959,0.022,,0.047,,5475.3,83
148,157214,-0.296,0.847,,0.059,4.27,0.02,1.116,0.026,,0.016,,5802.1,49.1
149,157338,-0.1,0.989,,0.061,4.268,0.03,1.206,0.028,,0.044,,5936.2,95.2
150,157347,0.033,0.936,,0.06,4.351,0.03,1.067,0.025,,0.041,,5643.5,84.3
151,158633,-0.356,0.759,,0.057,4.543,0.021,0.768,0.011,,0.025,,5350.8,59.5
152,159062,-0.272,0.791,,0.061,4.468,0.015,0.856,0.014,,0.016,,5491.9,57.1
153,159063,0.254,1.364,,0.063,4.211,0.025,1.516,0.04,,0.032,,6340.3,88.1
154,159222,0.166,1.104,,0.06,4.389,0.031,1.11,0.027,,0.045,,5876.7,81.8
155,160693,-0.435,0.831,,0.059,4.273,0.02,1.1,0.024,,0.017,,5897.5,53.9
156,16141,0.155,1.101,,0.062,4.1,0.035,1.549,0.038,,0.068,,5771,97.4
157,161797,0.318,1.163,,0.062,4.022,0.035,1.739,0.04,,0.069,,5633.0 1,6.2
158,161848,-0.246,0.759,,0.06,4.535,0.014,0.776,0.011,,0.019,,5247,58.7
159,16275,0.321,1.145,,0.059,4.349,0.026,1.184,0.025,,0.044,,5818,94
160,16287,0.182,0.872,,0.059,4.569,0.017,0.805,0.011,,0.026,,5013.2,64
161,163153,0.376,1.211,,0.058,3.982,0.03,1.853,0.045,,0.054,,5616.2 1,4.5
162,163489,0.127,2.216,,0.059,2.836,0.028,9.414,0.215,,0.119,,4849.1,42.8
163,16397,-0.422,0.83,,0.06,4.283,0.02,1.087,0.024,,0.017,,5882.5,52.6
164,164507,0.151,1.412,,0.061,3.739,0.015,2.639,0.061,,0.025,,5578.5 1,4.7
165,164595,-0.061,0.913,,0.059,4.346,0.029,1.06,0.024,,0.039,,5696.9,82.2
166,164922,0.197,0.921,,0.057,4.398,0.025,1.002,0.022,,0.032,,5393.4,68.3
167,165401,-0.322,0.867,,0.061,4.387,0.031,0.984,0.021,,0.04,,5867,86.5
168,166,0.139,0.98,,0.058,4.514,0.017,0.909,0.015,,0.031,,5492.7,72.7
169,16623,-0.399,0.836,,0.058,4.259,0.02,1.123,0.026,,0.016,,5873.4,51
170,166620,-0.112,0.775,,0.055,4.54,0.017,0.78,0.012,,0.023,,5099.7,63.9
171,167042,0.093,1.691,,0.061,3.286,0.052,4.902,0.108,,0.159,,4926.1,79.2
172,167215,-0.306,1.045,,0.062,3.999,0.024,1.689,0.038,,0.033,,6113.2,96.5
173,167216,-0.289,1.03,,0.062,4.047,0.025,1.586,0.036,,0.035,,6122.1,99
174,167389,0.022,1.05,,0.059,4.422,0.03,1.041,0.025,,0.046,,5897.4,81.2
175,167665,-0.141,1.063,,0.059,4.186,0.029,1.376,0.032,,0.047,,6139,90.5
176,168009,0.018,0.986,,0.061,4.265,0.03,1.21,0.028,,0.044,,5778.3,94.4
177,168443,0.076,1.042,,0.062,3.988,0.023,1.711,0.04,,0.031,,5530,97.4
178,168746,-0.034,0.895,,0.058,4.305,0.021,1.101,0.024,,0.023,,5618.9,59.7
179,169830,0.12,1.407,,0.062,4.009,0.025,1.936,0.046,,0.043,,6179.3,97.6
180,170174,-0.037,2.866,,0.054,2.542,0.023 1,4.934,0.417,,0.028,,4944.6,43.8
181,170469,0.311,1.135,,0.059,4.28,0.029,1.275,0.029,,0.048,,5765.6 1,0.1
182,170657,-0.126,0.79,,0.057,4.579,0.023,0.754,0.014,,0.029,,5072.3,66.9
183,171067,-0.012,0.947,,0.058,4.459,0.033,0.947,0.021,,0.046,,5652.2,82.8
184,171665,-0.018,0.925,,0.06,4.425,0.034,0.975,0.023,,0.047,,5637.4,87.2
185,17190,-0.026,0.837,,0.059,4.523,0.028,0.827,0.017,,0.034,,5225.4,71.3
186,171918,0.202,1.113,,0.059,4.107,0.034,1.549,0.036,,0.067,,5743.9,94.2
187,172051,-0.207,0.858,,0.059,4.484,0.033,0.876,0.019,,0.043,,5617.3,84.7
188,172310,-0.344,0.786,,0.058,4.518,0.026,0.805,0.014,,0.03,,5483.8,67.6
189,172513,0.008,0.927,,0.057,4.499,0.028,0.898,0.019,,0.04,,5528.1,79.1
190,173701,0.353,1,,0.057,4.472,0.029,0.961,0.02,,0.042,,5387,76
191,17382,0.103,0.911,,0.054,4.542,0.021,0.85,0.015,,0.033,,5292.4,76.5
192,175541,-0.098,1.449,,0.059,3.297,0.046,4.493,0.117,,0.137,,4970.4,60.4
193,176377,-0.229,0.907,,0.06,4.428,0.034,0.96,0.022,,0.048,,5845.1,90.9
194,176982,-0.105,1.216,,0.061,3.756,0.019,2.414,0.06,,0.035,,5440.4 1,1.5
195,177153,-0.049,1.042,,0.061,4.234,0.03,1.288,0.03,,0.046,,5988.1,95.9
196,177830,0.353,1.319,,0.057,3.454,0.051,3.576,0.087,,0.139,,4744.9,66.8
197,178911b,0.26,1.026,,0.06,4.423,0.032,1.032,0.023,,0.049,,5576.1,88.8
198,179949,0.155,1.22,,0.056,4.317,0.023,1.267,0.028,,0.038,,6176.2,90.2
199,179957,0.009,0.937,,0.058,4.296,0.027,1.138,0.026,,0.037,,5677.4,80.6
200,179958,0.039,0.969,,0.06,4.267,0.03,1.196,0.028,,0.042,,5711.6,89.7
201,180161,0.184,0.965,,0.06,4.522,0.019,0.893,0.017,,0.028,,5380.1,61.4
202,180684,0.037,1.263,,0.059,4.014,0.035,1.822,0.042,,0.076,,6063.7,85
203,181234,0.377,0.973,,0.056,4.375,0.028,1.059,0.024,,0.037,,5372.8,79.7
204,18143,0.168,0.833,,0.06,4.598,0.012,0.76,0.011,,0.019,,4818.6,49.7
205,182488,0.199,0.954,,0.058,4.465,0.033,0.946,0.021,,0.047,,5416.6,82.6
206,182572,0.37,1.096,,0.057,4.195,0.031,1.388,0.031,,0.055,,5600,85
207,1832,-0.028,0.941,,0.06,4.263,0.028,1.184,0.028,,0.038,,5724.4,84.7
208,183263,0.278,1.171,,0.063,4.281,0.03,1.293,0.031,,0.046,,5876.0 1,1.2
209,183650,0.309,1.137,,0.058,4.142,0.031,1.503,0.034,,0.062,,5684.7,81.1
210,183658,0.029,0.969,,0.061,4.34,0.032,1.1,0.025,,0.046,,5732.4,92.6
211,183870,0.019,0.822,,0.059,4.579,0.021,0.771,0.014,,0.026,,4996.9,66
212,18445,-0.06,0.766,,0.06,4.587,0.027,0.736,0.027,,0.03,,4880.8,99
213,185144,-0.172,0.805,,0.057,4.569,0.026,0.772,0.015,,0.034,,5236.4,75.2
214,185295,-0.081,1.305,,0.06,3.654,0.029,2.816,0.068,,0.061,,5147.8,92.9
215,185414,-0.095,0.949,,0.059,4.412,0.035,1.002,0.023,,0.05,,5804.4,91.9
216,18632,0.23,0.888,,0.061,4.563,0.019,0.82,0.012,,0.028,,5032,64.8
217,186408,0.089,1.017,,0.061,4.229,0.03,1.281,0.03,,0.046,,5754.1,96.6
218,186427,0.074,0.983,,0.061,4.3,0.031,1.159,0.027,,0.045,,5712,93.3
219,187123,0.106,1.02,,0.06,4.32,0.032,1.155,0.027,,0.048,,5765.9,96.3
220,187237,0.065,1.036,,0.06,4.443,0.027,1.012,0.022,,0.044,,5802.7,79.1
221,187897,0.129,1.106,,0.059,4.418,0.025,1.077,0.022,,0.041,,5910.6,72.4
222,187923,-0.087,0.977,,0.061,4.055,0.025,1.532,0.036,,0.033,,5708,99.4
223,188015,0.253,1.043,,0.061,4.352,0.032,1.125,0.026,,0.048,,5649.5,97
224,18803,0.128,0.984,,0.061,4.412,0.034,1.021,0.023,,0.05,,5623.5,88.9
225,188510,-1.516,0.618,,0.061,4.737,0.019,0.558,0.014,,0.02,,5251.4,95.3
226,188512,-0.097,1.366,,0.059,3.569,0.035,3.184,0.084,,0.087,,5088.6,82.2
227,189625,0.198,1.1,,0.062,4.423,0.025,1.073,0.02,,0.045,,5807.8,79.2
228,189733,0.041,0.828,,0.057,4.571,0.023,0.783,0.014,,0.029,,5012.5,67.8
229,190067,-0.288,0.79,,0.058,4.528,0.027,0.797,0.015,,0.032,,5417.9,69.1
230,19034,-0.354,0.802,,0.056,4.405,0.015,0.928,0.015,,0.013,,5683.3,46.2
231,190360,0.23,0.986,,0.061,4.298,0.028,1.166,0.026,,0.039,,5537.7,83.4
232,190404,-0.476,0.703,,0.046,4.571,0.008,0.716,0.004,,0.012,,5224,25.8
233,190406,0.051,1.07,,0.057,4.404,0.03,1.072,0.025,,0.044,,5932,81.3
234,191408,-0.522,0.64,,0.062,4.657,0.02,0.62,0.019,,0.023,,4789.6 1,2.2
235,191785,-0.044,0.814,,0.051,4.487,0.016,0.849,0.015,,0.019,,5231,60.1
236,192020,0.016,0.848,,0.059,4.561,0.024,0.799,0.014,,0.031,,5131.9,74.7
237,192263,0.048,0.821,,0.062,4.564,0.032,0.784,0.029,,0.031,,4998.1,97
238,192310,0.081,0.844,,0.06,4.494,0.022,0.858,0.016,,0.028,,5181.1,63.1
239,192343,0.222,1.119,,0.06,4.139,0.032,1.498,0.035,,0.062,,5747.3,83.6
240,192344,0.218,1.162,,0.062,3.988,0.024,1.805,0.044,,0.034,,5660.8 1,4.3
241,19308,0.15,1.061,,0.061,4.288,0.03,1.222,0.029,,0.047,,5801,95.5
242,19373,0.116,1.142,,0.059,4.182,0.028,1.431,0.033,,0.052,,5916,88.4
243,193795,0.158,1.088,,0.059,4.222,0.029,1.337,0.031,,0.051,,5814.8,87.5
244,193901,-0.925,0.738,,0.059,4.486,0.015,0.81,0.008,,0.019,,5959.7,54.3
245,19467,-0.089,0.916,,0.059,4.209,0.025,1.245,0.03,,0.029,,5715.8,72.6
246,195019,0.05,1.049,,0.063,4.073,0.027,1.556,0.037,,0.039,,5746.6,99.8
247,195564,0.089,1.121,,0.061,3.958,0.022,1.836,0.044,,0.034,,5662.9,96.7
248,196201,-0.094,0.858,,0.056,4.419,0.024,0.942,0.019,,0.029,,5537.5,73.7
249,196761,-0.197,0.841,,0.056,4.513,0.033,0.839,0.017,,0.041,,5504.6,80.8
250,196850,-0.094,0.921,,0.059,4.285,0.028,1.143,0.027,,0.037,,5758.4,82.4
251,197076,-0.065,0.979,,0.059,4.429,0.033,0.999,0.023,,0.05,,5833,87.6
252,198425,-0.039,0.79,,0.057,4.584,0.022,0.752,0.013,,0.029,,4945.9,69.1
253,198802,0.009,1.243,,0.059,3.823,0.02,2.255,0.052,,0.028,,5701.8 1,0.5
254,199476,-0.311,0.801,,0.059,4.457,0.02,0.872,0.016,,0.022,,5583.1,60.1
255,199960,0.254,1.188,,0.061,4.228,0.029,1.384,0.032,,0.048,,5876.9 1,3.7
256,200538,0.089,1.124,,0.058,4.216,0.028,1.365,0.031,,0.048,,5952.1,91
257,200565,0.049,1.055,,0.06,4.261,0.034,1.255,0.041,,0.048,,5904.3,92
258,200968,0.096,0.874,,0.061,4.542,0.038,0.83,0.035,,0.034,,5179.2 1,0.1
259,201203,0.289,1.46,,0.061,4.148,0.023,1.69,0.043,,0.038,,6420.6,99.3
260,20165,0.023,0.84,,0.059,4.541,0.028,0.812,0.016,,0.034,,5137.8,73.6
261,2025,-0.225,0.724,,0.058,4.606,0.019,0.699,0.011,,0.025,,4928.1,64.3
262,202575,-0.074,0.74,,0.058,4.609,0.017,0.706,0.012,,0.025,,4751.5,67
263,20619,-0.172,0.91,,0.06,4.488,0.032,0.899,0.019,,0.045,,5717.8,81.9
264,206387,0.226,1.145,,0.06,4.329,0.053,1.203,0.075,,0.049,,5899.6,94.8
265,20675,0.162,1.544,,0.06,4.02,0.02,2.006,0.049,,0.041,,6513.6 1,5.8
266,207874,0.159,0.872,,0.058,4.493,0.027,0.874,0.017,,0.034,,5186.9,71.5
267,208038,-0.028,0.81,,0.059,4.582,0.021,0.762,0.013,,0.027,,5001.1,65.3
268,208313,0.01,0.818,,0.057,4.564,0.024,0.783,0.015,,0.031,,5027.7,66.9
269,208801,0.099,1.123,,0.059,3.493,0.053,3.144,0.076,,0.117,,4819.5,63.6
270,209458,-0.006,1.069,,0.06,4.307,0.03,1.2,0.028,,0.048,,6026.4,96.9
271,209875,-0.087,1.129,,0.062,4.067,0.035,1.633,0.038,,0.068,,6105.5,93.9
272,21019a,-0.413,1.038,,0.061,3.708,0.024,2.354,0.055,,0.038,,5360.1,98.4
273,210277,0.213,0.964,,0.059,4.327,0.027,1.114,0.025,,0.036,,5505.8,76.5
274,210302,0.112,1.301,,0.058,4.226,0.024,1.453,0.036,,0.036,,6385.8,80.3
275,210312,0.253,1.065,,0.062,4.376,0.033,1.108,0.026,,0.051,,5703.2,93.5
276,210392,0.322,1.2,,0.06,4.191,0.03,1.451,0.036,,0.053,,5769,99.9
277,210460,-0.224,1.54,,0.062,3.542,0.01,3.477,0.014,,0.019,<20 points,5472.1,91.4
278,211038,-0.203,0.971,,0.059,3.537,0.037,2.777,0.067,,0.069,,4952,54.9
279,211080,0.33,1.26,,0.061,3.987,0.037,1.897,0.045,,0.082,,5764.6,90.2
280,211681,0.354,1.237,,0.056,4.082,0.035,1.672,0.039,,0.072,,5708.6,79.9
281,212291,-0.119,0.904,,0.058,4.516,0.027,0.869,0.018,,0.038,,5589.7,80
282,212801,0.022,1.487,,0.062,3.642,0.021,3.037,0.081,,0.033,,5279.6,97.8
283,21313,0.17,1.137,,0.06,4.236,0.028,1.343,0.034,,0.049,,5885.5,93.8
284,213472,0.125,1.048,,0.062,4.145,0.032,1.434,0.033,,0.051,,5729.5,99.4
285,213519,-0.01,0.96,,0.06,4.313,0.031,1.129,0.026,,0.044,,5759.1,93
286,213628,0.047,0.931,,0.059,4.448,0.034,0.952,0.022,,0.047,,5554.6,85.3
287,214683,-0.262,0.709,,0.057,4.622,0.017,0.68,0.011,,0.024,,4874.6,67.1
288,215152,0.041,0.796,,0.057,4.564,0.022,0.77,0.014,,0.029,,4916,64.5
289,215578,0.215,2.491,,0.056,2.801,0.035 1,0.252,0.469,,0.102,,4827.5,33.3
290,216259,-0.556,0.677,,0.043,4.612,0.012,0.673,0.005,,0.016,,5122.8,38.7
291,216520,-0.124,0.791,,0.057,4.545,0.023,0.783,0.014,,0.03,,5160,69.5
292,217004,-0.03,1.038,,0.062,3.995,0.098,1.675,0.251,,0.083,,5693.2,97.2
293,217014,0.206,1.069,,0.06,4.317,0.031,1.187,0.028,,0.047,,5760.8,95.5
294,217107,0.34,1.06,,0.06,4.325,0.03,1.172,0.028,,0.045,,5606.8,94.3
295,217165,0.044,1.071,,0.06,4.338,0.032,1.157,0.028,,0.05,,5967.1,96.4
296,21774,0.239,1.066,,0.061,4.276,0.03,1.243,0.03,,0.047,,5703.4,94.1
297,217877,-0.089,0.997,,0.06,4.262,0.03,1.22,0.029,,0.044,,5942.4,95.6
298,218168,-0.007,1.056,,0.056,4.451,0.022,1.01,0.021,,0.035,,5923.7,73.2
299,218209,-0.376,0.808,,0.059,4.389,0.016,0.949,0.017,,0.014,,5732.8,49.1
300,21847,0.186,1.321,,0.06,4.286,0.024,1.37,0.032,,0.046,,6364,91.5
301,218566,0.298,0.855,,0.058,4.529,0.024,0.831,0.015,,0.031,,4942.9,63.1
302,218868,0.231,0.999,,0.06,4.45,0.031,0.985,0.021,,0.047,,5515.7,83
303,219134,0.083,0.788,,0.058,4.575,0.021,0.757,0.013,,0.027,,4817.1,62
304,219538,0.008,0.827,,0.057,4.55,0.026,0.798,0.015,,0.033,,5094,70.9
305,219542,0.165,1.043,,0.061,4.383,0.078,1.076,0.1,,0.051,,5720.4,98.7
306,219834b,0.224,0.896,,0.06,4.503,0.029,0.877,0.017,,0.039,,5175,73.8
307,219953,-0.473,0.709,,0.05,4.569,0.009,0.722,0.006,,0.012,< 20 points,5243.9,33.7
308,220221,0.161,0.807,,0.058,4.577,0.022,0.765,0.013,,0.027,,4788.2,62.8
309,220339,-0.213,0.751,,0.057,4.587,0.02,0.727,0.012,,0.028,,5052.2,65.6
310,22049,-0.044,0.815,,0.058,4.59,0.018,0.759,0.012,,0.024,,5020.4,57.7
311,22072,-0.257,1.052,,0.058,3.381,0.057,3.456,0.083,,0.12,,4969.6,63.4
312,221354,0.099,0.864,,0.058,4.462,0.023,0.901,0.018,,0.027,,5271.8,63.9
313,221356,-0.218,0.969,,0.062,4.343,0.033,1.095,0.026,,0.048,,6042.3,95.5
314,221851,-0.025,0.835,,0.06,4.561,0.025,0.794,0.014,,0.033,,5139.9,77.4
315,222582,0.017,0.969,,0.061,4.305,0.031,1.145,0.027,,0.043,,5746.7,91.8
316,222697,0.206,0.984,,0.059,4.503,0.022,0.923,0.017,,0.036,,5439.8,71.9
317,22282,0.181,0.955,,0.06,4.438,0.033,0.976,0.022,,0.048,,5467.4,84.1
318,223238,0.02,0.985,,0.061,4.275,0.03,1.196,0.028,,0.044,,5777.5,94.4
319,223315,0.321,1.082,,0.06,4.43,0.027,1.046,0.022,,0.041,,5646.7,76
320,223498,0.184,0.974,,0.06,4.375,0.032,1.059,0.025,,0.046,,5551.4,87.5
321,223691,-0.169,1.058,,0.062,3.824,0.021,2.081,0.051,,0.031,,5431.6 1,2.1
322,224383,-0.042,0.946,,0.059,4.185,0.027,1.299,0.031,,0.036,,5717.4,86.5
323,224619,-0.091,0.859,,0.057,4.46,0.03,0.901,0.02,,0.037,,5494.8,81
324,224983,0.147,0.879,,0.058,4.518,0.029,0.854,0.017,,0.036,,5173.8,72.8
325,225261,-0.323,0.772,,0.061,4.5,0.015,0.815,0.012,,0.018,,5439.1,53.4
326,22879,-0.708,0.792,,0.056,4.262,0.017,1.088,0.021,,0.011,,6058.5,44.1
327,230409,-0.741,0.697,,0.057,4.583,0.014,0.704,0.007,,0.018,,5471.3,52.1
328,230999,0.137,0.973,,0.06,4.332,0.03,1.111,0.026,,0.043,,5612.5,87.7
329,23249,0.168,1.219,,0.061,3.784,0.027,2.338,0.057,,0.05,,5067.2 1,1.2
330,23356,-0.036,0.791,,0.057,4.572,0.023,0.761,0.014,,0.029,,4976.6,67.4
331,233641,-0.121,1.198,,0.062,3.879,0.023,2.07,0.052,,0.032,,6018.9,97
332,23439,-0.733,0.676,,0.036,4.6,0.009,0.681,0.004,,0.013,,5360.4,27.4
333,24040,0.197,1.104,,0.059,4.197,0.029,1.387,0.031,,0.053,,5776.5,84.6
334,24213,0.073,1.166,,0.06,4.144,0.028,1.507,0.036,,0.057,,5985,81.4
335,24238,-0.357,0.722,,0.044,4.557,0.008,0.739,0.005,,0.01,,5202.3,29.8
336,24341,-0.495,0.91,,0.06,3.781,0.025,2.025,0.048,,0.032,,5388.2,93.9
337,24365,-0.21,1.38,,0.059,3.518,0.035,3.381,0.089,,0.085,,5131,81.3
338,24496,0.03,0.927,,0.06,4.432,0.033,0.967,0.022,,0.046,,5575,86.7
339,24727,-0.094,1.182,,0.056,4.134,0.025,1.534,0.034,,0.052,,6224.5,89.2
340,24892,-0.271,0.953,,0.062,3.816,0.024,1.992,0.048,,0.034,,5286.3,98.2
341,25329,-1.614,0.508,,0.061,4.816,0.021,0.46,0.019,,0.021,M star,4574.0 1,5.5
342,25665,0.021,0.805,,0.059,4.567,0.024,0.772,0.014,,0.029,,4962.6,63.4
343,25682,0.114,0.927,,0.059,4.419,0.031,0.981,0.022,,0.043,,5486.6,83.6
344,25825,0.123,1.129,,0.059,4.398,0.025,1.112,0.021,,0.042,,5979.8,79.8
345,26151,0.308,0.979,,0.059,4.462,0.031,0.962,0.021,,0.046,,5384.7,80.7
346,26161,-0.009,1.133,,0.059,4.163,0.027,1.456,0.032,,0.054,,6057.6,87.6
347,26736,0.194,1.102,,0.057,4.433,0.021,1.06,0.022,,0.034,,5811,71.9
348,26794,0.067,0.797,,0.059,4.536,0.017,0.794,0.013,,0.023,,4956.8,58.5
349,26965,-0.198,0.771,,0.053,4.52,0.013,0.796,0.012,,0.017,,5246,60.7
350,28005,0.313,1.131,,0.058,4.27,0.03,1.292,0.031,,0.048,,5743.8,97.4
351,28185,0.227,1.023,,0.061,4.383,0.034,1.076,0.025,,0.05,,5622,93.8
352,28187,-0.35,0.844,,0.058,4.247,0.02,1.143,0.026,,0.015,,5840.7,49.2
353,283,-0.418,0.731,,0.058,4.572,0.019,0.73,0.009,,0.024,,5255.7,53
354,28946,-0.101,0.846,,0.056,4.534,0.029,0.822,0.016,,0.036,,5343.9,83.1
355,29461,0.215,1.117,,0.061,4.424,0.022,1.075,0.02,,0.039,,5831.3,73.1
356,29528,0.177,0.951,,0.06,4.401,0.032,1.016,0.023,,0.044,,5492.5,84.6
357,29883,-0.094,0.777,,0.053,4.556,0.021,0.766,0.013,,0.027,,5044.8,64.1
358,30649,-0.406,0.846,,0.058,4.193,0.023,1.219,0.03,,0.017,,5879.1,54.3
359,30708,0.152,1.016,,0.061,4.213,0.03,1.305,0.031,,0.045,,5665.9,96.2
360,3074a,0.056,1.136,,0.057,4.163,0.028,1.459,0.032,,0.055,,5982.4,82.3
361,31253,0.14,1.325,,0.058,4.032,0.03,1.829,0.042,,0.073,,6014.9,81.7
362,31412,0.036,1.099,,0.06,4.304,0.029,1.22,0.029,,0.046,,6044.5,96.1
363,31966,0.101,1.075,,0.063,4.041,0.026,1.632,0.039,,0.037,,5695.8,99.5
364,32923,-0.14,0.995,,0.061,3.975,0.023,1.697,0.041,,0.03,,5676.1,96.9
365,32963,0.075,0.981,,0.061,4.336,0.032,1.111,0.026,,0.046,,5706.1,92.6
366,33021,-0.159,0.955,,0.06,4.037,0.025,1.547,0.037,,0.032,,5708.3,98
367,33636,-0.071,1.017,,0.061,4.409,0.031,1.04,0.024,,0.049,,5949.3,90.3
368,34411,0.074,1.03,,0.062,4.232,0.03,1.285,0.03,,0.048,,5804.2,95.7
369,34445,0.138,1.11,,0.059,4.146,0.031,1.479,0.034,,0.06,,5829.5,86.2
370,34575,0.313,1.054,,0.06,4.29,0.03,1.215,0.028,,0.045,,5611.2,93.8
371,34721,-0.046,1.049,,0.062,4.178,0.029,1.381,0.032,,0.048,,5977.9,95.7
372,34745,-0.084,1.043,,0.061,4.274,0.028,1.231,0.029,,0.044,,6053.1,96
373,35627,0.015,1.14,,0.06,4.158,0.028,1.471,0.035,,0.055,,6037.3,85.3
374,35974,-0.161,1.101,,0.061,3.898,0.021,1.948,0.046,,0.031,,5844.5,97.5
375,36308,0.046,0.921,,0.055,4.543,0.019,0.851,0.015,,0.029,,5395.2,74.2
376,3651,0.168,0.888,,0.06,4.505,0.03,0.872,0.017,,0.039,,5205.9,74.5
377,37008,-0.322,0.733,,0.06,4.555,0.012,0.746,0.008,,0.016,,5208.4,48.8
378,37124,-0.326,0.813,,0.06,4.391,0.016,0.949,0.017,,0.015,,5698.6,48.7
379,37213,-0.419,0.928,,0.061,3.803,0.023,1.996,0.048,,0.031,,5388.7,96.9
380,37394,0.159,0.922,,0.056,4.547,0.016,0.85,0.014,,0.028,,5255.1,65.9
381,3765,0.172,0.852,,0.06,4.527,0.026,0.831,0.016,,0.033,,5049.8,64.9
382,377,0.138,1.113,,0.057,4.434,0.016,1.063,0.02,,0.033,,5903.3,66.4
383,3795,-0.513,0.855,,0.058,3.813,0.022,1.896,0.048,,0.019,,5356.5,67.8
384,37962,-0.181,0.9,,0.06,4.476,0.033,0.907,0.02,,0.046,,5719.1,84.8
385,38230,-0.006,0.828,,0.053,4.478,0.018,0.866,0.016,,0.021,,5244.1,59.3
386,38392,-0.026,0.754,,0.062,4.614,0.015,0.71,0.008,,0.022,,4719,63.9
387,38529,0.377,1.529,,0.059,3.709,0.012,2.858,0.04,,0.012,,5624.2 1,16.1
388,38858,-0.172,0.9,,0.06,4.451,0.034,0.932,0.021,,0.048,,5736.4,86.3
389,39881,-0.091,0.916,,0.058,4.195,0.025,1.265,0.03,,0.028,,5708.4,72
390,40397,-0.042,0.884,,0.056,4.338,0.02,1.053,0.023,,0.022,,5593.6,61.4
391,40647,-0.043,0.875,,0.057,4.545,0.025,0.829,0.016,,0.034,,5348.2,87.2
392,40979,0.203,1.235,,0.063,4.343,0.023,1.237,0.028,,0.032,,6149.7,58.7
393,41593,0.087,0.91,,0.058,4.55,0.017,0.842,0.014,,0.029,,5293.5,71.5
394,4203,0.38,1.137,,0.056,4.146,0.032,1.497,0.034,,0.063,,5625.1,77.6
395,4208,-0.22,0.847,,0.06,4.42,0.028,0.935,0.02,,0.034,,5669.8,76.2
396,42250,0.047,0.878,,0.058,4.425,0.025,0.948,0.02,,0.029,,5416.2,69.6
397,4256,0.256,0.848,,0.059,4.545,0.024,0.813,0.014,,0.03,,4921.8,63.5
398,42618,-0.086,0.92,,0.06,4.409,0.033,0.989,0.023,,0.046,,5716.7,88.3
399,4307,-0.199,1.023,,0.061,3.938,0.022,1.795,0.041,,0.03,,5767.2,96.9
400,43745,0.11,1.394,,0.059,3.935,0.036,2.087,0.048,,0.086,,6064.7,88.7
401,43947,-0.255,0.921,,0.06,4.295,0.03,1.127,0.026,,0.041,,5960.8,91.9
402,44420,0.29,1.101,,0.06,4.315,0.03,1.206,0.027,,0.045,,5744.8,91.4
403,44985,-0.067,1.003,,0.061,4.328,0.033,1.135,0.027,,0.047,,5940.9,95
404,45067,-0.049,1.168,,0.063,3.951,0.026,1.889,0.046,,0.039,,5990.3 1,4.1
405,45184,0.042,1.015,,0.059,4.38,0.033,1.075,0.025,,0.051,,5820.1,94.8
406,45350,0.292,1.047,,0.06,4.258,0.03,1.258,0.03,,0.047,,5607.8,92.9
407,45588,-0.006,1.156,,0.058,4.163,0.027,1.47,0.036,,0.052,,6089.9,91.3
408,4614,-0.241,0.909,,0.06,4.32,0.031,1.088,0.025,,0.042,,5913.2,90.8
409,4628,-0.235,0.738,,0.056,4.602,0.02,0.71,0.012,,0.026,,4997.9,64.2
410,46375,0.271,0.933,,0.06,4.485,0.031,0.914,0.019,,0.042,,5264.4,74.1
411,47157,0.351,1.092,,0.057,4.329,0.027,1.187,0.026,,0.044,,5674.2,90.1
412,4747,-0.166,0.832,,0.058,4.557,0.026,0.794,0.015,,0.033,,5331.9,74.7
413,48682,0.083,1.124,,0.059,4.385,0.024,1.13,0.024,,0.046,,6036.5,87.3
414,48938,-0.404,0.864,,0.058,4.214,0.025,1.199,0.028,,0.028,,5944.4,79.1
415,4915,-0.151,0.898,,0.057,4.486,0.033,0.895,0.019,,0.046,,5667.5,81.6
416,49674,0.3,1.064,,0.06,4.426,0.03,1.044,0.022,,0.046,,5628.4,82.7
417,50499,0.305,1.253,,0.061,4.222,0.024,1.433,0.034,,0.035,,5978.1 1,3.7
418,50554,-0.021,1.037,,0.062,4.333,0.032,1.146,0.026,,0.049,,5968.4,95.9
419,50639,-0.014,1.091,,0.06,4.257,0.029,1.282,0.031,,0.046,,6069.2,97.9
420,50692,-0.179,0.905,,0.061,4.295,0.028,1.119,0.026,,0.037,,5827.8,84.5
421,50806,0.063,1.037,,0.061,4.013,0.024,1.658,0.04,,0.033,,5591.9,97.3
422,51219,0.027,0.928,,0.06,4.351,0.029,1.062,0.024,,0.039,,5628.6,81.5
423,51419,-0.308,0.837,,0.059,4.36,0.023,0.997,0.02,,0.025,,5775.3,63.9
424,51866,0.088,0.806,,0.058,4.563,0.023,0.776,0.014,,0.029,,4905.1,63.6
425,52265,0.191,1.216,,0.061,4.239,0.025,1.38,0.033,,0.04,,6057.4,97.2
426,52456,0.056,0.86,,0.057,4.542,0.028,0.822,0.016,,0.034,,5170.4,73.9
427,52711,-0.119,0.929,,0.061,4.333,0.031,1.085,0.025,,0.044,,5814.8,90.8
428,531a,0.162,1.044,,0.058,4.456,0.024,1,0.021,,0.041,,5687.2,79.2
429,531b,0.166,1.043,,0.058,4.466,0.023,0.988,0.02,,0.034,,5670.9,71.7
430,53665,0.182,1.429,,0.062,4.055,0.022,1.854,0.043,,0.036,,6260.7 1,0.4
431,5372,0.238,1.135,,0.058,4.359,0.027,1.166,0.026,,0.048,,5876.3,91.9
432,5470,0.216,1.149,,0.061,4.291,0.028,1.268,0.031,,0.047,,5914.4,97.3
433,55575,-0.309,0.868,,0.059,4.241,0.024,1.167,0.027,,0.027,,5866.6,71.1
434,56274,-0.476,0.807,,0.06,4.451,0.027,0.88,0.017,,0.031,,5779.5,77.3
435,56303,0.145,1.109,,0.059,4.279,0.028,1.264,0.03,,0.046,,5904.3,91.6
436,58781,0.134,0.969,,0.06,4.36,0.032,1.074,0.025,,0.046,,5602.6,89.2
437,60491,-0.152,0.788,,0.053,4.596,0.02,0.74,0.013,,0.026,,5061.9,67.6
438,6101,-0.018,0.786,,0.052,4.529,0.017,0.797,0.017,,0.019,,5025.9,62.2
439,61606,0.033,0.81,,0.059,4.584,0.02,0.763,0.013,,0.027,,4925.5,67.7
440,62613,-0.063,0.893,,0.059,4.507,0.031,0.872,0.019,,0.04,,5501.2,80
441,63754,0.175,1.445,,0.059,3.934,0.031,2.135,0.048,,0.083,,6038.2,78.4
442,65430,-0.039,0.82,,0.054,4.488,0.019,0.852,0.016,,0.022,,5247.8,61.8
443,6558,0.24,1.29,,0.06,4.156,0.019,1.569,0.031,,0.033,,6014.3,90.9
444,65583,-0.541,0.733,,0.048,4.524,0.01,0.773,0.008,,0.013,,5485.7,43
445,66171,-0.239,0.865,,0.059,4.344,0.026,1.033,0.023,,0.032,,5789.2,73.6
446,66428,0.271,1.051,,0.061,4.323,0.031,1.169,0.027,,0.045,,5647.6,94.3
447,6734,-0.384,0.968,,0.06,3.398,0.046,3.251,0.076,,0.091,,5013.9,55.2
448,67458,-0.165,0.923,,0.06,4.381,0.034,1.023,0.024,,0.048,,5837.6,93.2
449,67767,-0.006,1.554,,0.059,3.586,0.025,3.316,0.098,,0.036,,5233.9 1,2.1
450,68017,-0.324,0.815,,0.06,4.381,0.016,0.961,0.018,,0.014,,5712.4,48.6
451,68168,0.117,0.997,,0.061,4.345,0.033,1.109,0.026,,0.048,,5694.8,94.3
452,6872a,-0.061,1.284,,0.063,4.132,0.023,1.608,0.039,,0.035,,6434.8 1,0.5
453,6872b,-0.136,1.174,,0.057,4.19,0.021,1.436,0.03,,0.036,,6356,98.6
454,68978,0.052,1.069,,0.06,4.386,0.032,1.096,0.025,,0.051,,5936.5,87.5
455,68988,0.305,1.172,,0.057,4.309,0.03,1.256,0.029,,0.049,,5883.4 1,3.8
456,69809,0.252,1.108,,0.059,4.242,0.029,1.32,0.03,,0.049,,5751.6,89.4
457,69830,0.012,0.89,,0.06,4.49,0.033,0.887,0.019,,0.041,,5420.6,81.3
458,71334,-0.053,0.911,,0.058,4.35,0.029,1.053,0.024,,0.038,,5682.5,80.5
459,71479,0.204,1.143,,0.061,4.257,0.029,1.316,0.031,,0.05,,5881,98.2
460,71881,-0.021,0.99,,0.061,4.241,0.03,1.245,0.029,,0.044,,5828.3,95.1
461,72659,-0.01,1.053,,0.061,4.094,0.03,1.522,0.036,,0.044,,5865.2 1,3.9
462,72673,-0.305,0.766,,0.057,4.554,0.024,0.763,0.013,,0.03,,5301,61
463,73344,0.131,1.184,,0.06,4.337,0.024,1.22,0.027,,0.046,,6120.5,85.1
464,73667,-0.409,0.713,,0.042,4.564,0.008,0.729,0.005,,0.011,,5208.1,26.9
465,74156,0.079,1.151,,0.06,4.139,0.029,1.511,0.034,,0.059,,5951.7,85.6
466,75732,0.383,0.975,,0.055,4.458,0.032,0.964,0.021,,0.045,,5317.9,80.5
467,76909,0.341,1.089,,0.058,4.262,0.029,1.281,0.03,,0.049,,5647.4,86.2
468,7924,-0.123,0.802,,0.058,4.555,0.026,0.78,0.015,,0.033,,5171.1,74.2
469,80367,0.076,0.839,,0.06,4.484,0.019,0.866,0.016,,0.023,,5184.7,57.9
470,8038,0.18,1.03,,0.06,4.448,0.029,1.004,0.022,,0.04,,5639.6,75.6
471,80606,0.348,1.047,,0.058,4.402,0.032,1.066,0.024,,0.048,,5565.9,92.2
472,82943,0.23,1.148,,0.061,4.337,0.03,1.199,0.027,,0.05,,5918.3,95.2
473,8328,0.324,1.26,,0.06,4.074,0.034,1.699,0.04,,0.074,,5752.9,79
474,83443,0.375,1.007,,0.057,4.427,0.032,1.015,0.022,,0.045,,5429.2,87.2
475,8375,-0.003,1.613,,0.062,3.503,0.03,3.743,0.081,,0.099,,5111.0 1,13.7
476,8389,0.406,0.945,,0.046,4.44,0.029,0.97,0.02,,0.039,,5244.5,75.6
477,84117,-0.035,1.106,,0.06,4.324,0.028,1.195,0.028,,0.046,,6158.8,93.6
478,84737,0.136,1.185,,0.058,4.083,0.033,1.645,0.039,,0.07,,5891.6,90.9
479,8574,-0.01,1.091,,0.06,4.169,0.029,1.423,0.033,,0.053,,6004.1,87.3
480,8648,0.188,1.084,,0.06,4.245,0.03,1.299,0.03,,0.049,,5782.7,90.5
481,86728,0.226,1.071,,0.062,4.311,0.03,1.196,0.028,,0.046,,5739,94.5
482,87359,0.07,0.982,,0.06,4.436,0.033,0.991,0.023,,0.05,,5668.2,85.4
483,87424,-0.086,0.795,,0.057,4.591,0.02,0.748,0.013,,0.028,,5010.7,64.5
484,8765,0.223,1.033,,0.061,4.341,0.035,1.133,0.034,,0.047,,5658,94.8
485,87836,0.329,1.175,,0.059,4.178,0.028,1.459,0.034,,0.055,,5713.7,77.2
486,87883,0.104,0.826,,0.057,4.549,0.024,0.799,0.014,,0.032,,4989.4,67.1
487,88072,0.03,0.973,,0.061,4.375,0.034,1.058,0.025,,0.049,,5731.1,94.4
488,88218,-0.143,1.035,,0.061,3.959,0.022,1.762,0.041,,0.031,,5766.5,96.2
489,88371,-0.203,0.868,,0.056,4.267,0.021,1.133,0.026,,0.019,,5749.8,55.2
490,88725,-0.528,0.789,,0.057,4.388,0.015,0.939,0.016,,0.013,,5825.7,49.9
491,88986,0.078,1.104,,0.063,4.063,0.036,1.614,0.038,,0.068,,5837.3 1,6.6
492,89269,-0.138,0.871,,0.059,4.424,0.031,0.945,0.021,,0.039,,5635.7,80.7
493,89391,-0.131,1.138,,0.06,3.196,0.064,4.445,0.101,,0.151,,4865.8,66.1
494,90125,-0.144,1.477,,0.059,2.927,0.056,6.923,0.185,,0.169,,4842.1,59.1
495,90156,-0.18,0.856,,0.06,4.44,0.03,0.92,0.02,,0.038,,5629.6,80.5
496,9070,0.35,1.122,,0.058,4.411,0.024,1.091,0.02,,0.043,,5726.7,78.6
497,90711,0.311,0.996,,0.059,4.437,0.033,0.999,0.022,,0.047,,5449.3,86.9
498,90722,0.335,1.124,,0.058,4.215,0.029,1.371,0.031,,0.052,,5677,79.6
499,91204,0.211,1.155,,0.059,4.21,0.028,1.396,0.033,,0.05,,5843,91.1
500,92222a,0.187,1.02,,0.058,4.502,0.016,0.942,0.017,,0.031,,5549.4,65
501,92719,-0.103,0.937,,0.058,4.425,0.034,0.98,0.023,,0.048,,5774.6,90.7
502,92788,0.277,1.076,,0.061,4.338,0.03,1.162,0.027,,0.044,,5702.3,92.4
503,9331,0.237,1.023,,0.061,4.328,0.031,1.146,0.027,,0.045,,5618.9,93.8
504,93745,0.113,1.217,,0.056,4.088,0.03,1.646,0.038,,0.066,,5952.2,78.7
505,9407,0.029,0.929,,0.06,4.366,0.03,1.045,0.024,,0.04,,5622.3,82.6
506,95128,0.026,1.005,,0.061,4.328,0.032,1.137,0.027,,0.047,,5829.2,94.8
507,9518a,0.105,1.44,,0.062,3.996,0.023,1.989,0.046,,0.041,,6258.2,99.2
508,9540a,-0.002,0.913,,0.054,4.531,0.026,0.858,0.018,,0.032,,5442.1,67.9
509,9562,0.222,1.331,,0.06,3.994,0.036,1.912,0.043,,0.082,,5891,84
510,96700,-0.181,0.9,,0.06,4.247,0.026,1.18,0.028,,0.033,,5804.3,78.5
511,97343,0.02,0.879,,0.059,4.421,0.026,0.953,0.02,,0.031,,5455.3,72.8
512,97658,-0.228,0.772,,0.057,4.567,0.024,0.754,0.013,,0.03,,5194,67.4
513,9826,0.122,1.294,,0.063,4.125,0.025,1.622,0.039,,0.041,,6156.8 1,12.2
514,98281,-0.161,0.83,,0.058,4.489,0.029,0.856,0.018,,0.035,,5452.7,77.6
515,98618,0.037,0.993,,0.06,4.296,0.031,1.172,0.028,,0.044,,5780.3,94.5
516,99109,0.384,0.969,,0.055,4.436,0.031,0.986,0.021,,0.044,,5323.9,82.5
517,99491,0.331,1.02,,0.06,4.462,0.028,0.982,0.019,,0.044,,5465.4,78.6
518,99492,0.278,0.856,,0.06,4.539,0.025,0.823,0.015,,0.031,,4936.5,63.4
519,9986,0.089,1.032,,0.06,4.397,0.032,1.064,0.025,,0.05,,5795.8,91.3
520,bd-103166,0.37,1,,0.057,4.465,0.03,0.97,0.021,,0.044,,5382.6,78.5
521,g161-29,0.047,0.784,,0.055,4.547,0.018,0.778,0.012,,0.023,,4909.2,59.2
522,g60-06,0.107,0.847,,0.058,4.535,0.027,0.821,0.016,,0.034,,5082.1,67.7
523,hip103269,-1.64,0.621,,0.061,4.743,0.018,0.555,0.013,,0.019,,5286.9,96.4
524,hip10449,-0.76,0.751,,0.053,4.428,0.01,0.875,0.01,,0.009,,5918.9,35.9
525,hip106924,-1.67,0.9,,0.06,4.484,0.01,0.9,0.05,,0.05,,0,0
526,hip114914,0.144,1.106,,0.06,4.321,0.087,1.185,0.134,,0.056,,5892.1,95.8
527,hip15904,-1.55,0.645,,0.062,4.723,0.021,0.58,0.015,,0.023,,5452.2 1,1
528,hip16404,-1.863,0.619,,0.061,4.75,0.1,0.578,0.005,,0.017,,5490.6,40.2
529,hip52942a,-0.161,1.223,,0.059,4.027,0.034,1.764,0.041,,0.072,,6283.4,90.4
530,hip57450,-1.392,0.636,,0.06,4.718,0.021,0.578,0.014,,0.021,,5332.2,99
531,hip80295,0.033,0.782,,0.058,4.58,0.021,0.749,0.013,,0.027,,4838,63.6
532,hip87062,-1.513,0.713,,0.061,4.678,0.028,0.642,0.02,,0.027,<20 points,5849.7,99.3
533,hip89215,-0.863,0.652,,0.249,4.625,0.008,0.651,0.005,,0.009,<20 points,5334.2,14.7
534,s101438b,0.085,0.933,,0.06,4.298,0.109,1.119,0.159,,0.038,,5540.5,78.5
535,s11844,0.049,1.207,,0.062,4.257,0.087,1.331,0.157,,0.064,,6238,98.6
536,103932,0.117,0.722,,0.074,4.618,0.016,0.69,0.012,,0.022,,4441.5,51.7
537,10436,-0.189,0.632,,0.072,4.655,0.011,0.618,0.009,,0.015,,4368.4,51.7
538,10853,-0.045,0.721,,0.077,4.614,0.017,0.693,0.013,,0.024,,4639.1,70.4
539,110315,0.068,0.718,,0.053,4.592,0.009,0.709,0.005,,0.014,,4555.8,38.8
540,111631,0.324,0.677,,0.075,4.642,0.012,0.649,0.008,,0.013,,4077.8,34.9
541,119850,-0.223,0.48,,0.055,4.8,0.007,0.456,0.005,,0.008,M star,3836.6,19.4
542,120467,0.242,0.732,,0.072,4.604,0.015,0.704,0.009,,0.019,,4380.9,45
543,120476a,0.039,0.737,,0.089,4.604,0.03,0.706,0.037,,0.044,,4599.1 1,11.6
544,122064,0.147,0.798,,0.081,4.556,0.019,0.776,0.012,,0.027,,4826.7,67.4
545,122120,0.185,0.738,,0.069,4.596,0.014,0.714,0.009,,0.018,,4479.4,51.9
546,122303,-0.009,0.518,,0.078,4.769,0.009,0.49,0.008,,0.01,M star,3807.5,32.4
547,124642,0.104,0.764,,0.081,4.594,0.018,0.729,0.013,,0.025,,4660.5,70.9
548,1326,-0.391,0.4,,0.087,4.888,0.009,0.375,0.007,,0.008 1,M star,3742.7,30.2
549,1326b,-0.302,0.157,,0.077,5.132,0.011,0.179,0.005,,0.005 1,M star,3342,47.7
550,139477,0.03,0.74,,0.078,4.608,0.017,0.708,0.012,,0.025,,4629.6,67.6
551,147379a,0.114,0.648,,0.071,4.65,0.01,0.628,0.007,,0.014,,4126.1,37.6
552,147379b,0.044,0.36,,0.089,4.9,0.044,0.351,0.042,,0.052 1,M star,3444.8,71.8
553,148467,0.012,0.675,,0.067,4.629,0.012,0.658,0.008,,0.016,,4361.2,47.2
554,151288,0.056,0.653,,0.075,4.647,0.011,0.634,0.009,,0.015,,4202.8,44.9
555,151995,0.068,0.774,,0.077,4.575,0.019,0.749,0.013,,0.027,,4784.7,67.1
556,154363,-0.234,0.639,,0.067,4.645,0.01,0.629,0.006,,0.014,,4489.7,49.4
557,156026,-0.13,0.662,,0.066,4.638,0.013,0.644,0.009,,0.017,,4461.1,51.6
558,157881,0.166,0.674,,0.074,4.64,0.013,0.649,0.009,,0.016,,4178.6,44.8
559,16160,-0.036,0.752,,0.073,4.584,0.018,0.731,0.012,,0.026,,4813.5,72.9
560,165222,-0.172,0.469,,0.081,4.815,0.01,0.443,0.008,,0.009,M star,3780.9,32.8
561,170493,0.206,0.793,,0.079,4.562,0.018,0.769,0.011,,0.024,,4738.7,62.5
562,17230,0.166,0.711,,0.071,4.613,0.013,0.686,0.009,,0.019,,4358.3,49.9
563,173739,-0.22,0.335,,0.079,4.938,0.011,0.324,0.007,,0.01  1,M star,3586.4,38.7
564,173740,-0.118,0.257,,0.064,4.996,0.013,0.266,0.007,,0.008 1,M star,3416.9,44.9
565,173818,-0.147,0.623,,0.075,4.663,0.012,0.608,0.009,,0.014,,4276.6,47.5
566,174080,0.112,0.764,,0.081,4.587,0.018,0.735,0.013,,0.025,,4673.7,71.2
567,17660,0.268,0.756,,0.069,4.584,0.013,0.732,0.008,,0.018,,4493.7,43.2
568,180617,0.167,0.496,,0.079,4.795,0.009,0.466,0.008,,0.01  1,M star,3667.1,33.7
569,190007,0.209,0.76,,0.074,4.586,0.016,0.732,0.01,,0.022,,4559.4,51.7
570,193202,0.235,0.703,,0.071,4.617,0.012,0.681,0.007,,0.015,,4257.8,39.8
571,195019b,-0.025,0.58,,0.091,4.706,0.027,0.558,0.031,,0.031,M star,3991.4,70.6
572,199305,-0.041,0.546,,0.073,4.738,0.009,0.522,0.007,,0.01,M star,3902.2,32.1
573,201091,-0.323,0.596,,0.072,4.688,0.012,0.579,0.009,,0.014,M star,4311.5,49.5
574,201092,-0.395,0.623,,0.054,4.65,0.015,0.623,0.007,,0.018,,0,0
575,202751,-0.024,0.754,,0.07,4.582,0.018,0.733,0.012,,0.026,,4805.8,69.7
576,204587,0.071,0.671,,0.072,4.634,0.012,0.652,0.008,,0.016,,4270.7,45.5
577,209290,0.092,0.586,,0.08,4.707,0.01,0.561,0.009,,0.012,M star,3927.8,37.8
578,21197,0.32,0.771,,0.071,4.568,0.011,0.754,0.006,,0.014,,4552.6,41
579,213042,0.199,0.792,,0.079,4.567,0.02,0.764,0.012,,0.026,,4730.6,64
580,214749,0.088,0.721,,0.074,4.609,0.015,0.696,0.012,,0.022,,4494.3,52.7
581,216899,0.245,0.577,,0.079,4.724,0.01,0.544,0.008,,0.01,M star,3803.4,28.7
582,217357,0.025,0.625,,0.073,4.667,0.01,0.606,0.008,,0.014,,4112.7,41.6
583,217987,-0.19,0.467,,0.081,4.818,0.01,0.44,0.008,,0.009,M star,3783.9,32.6
584,225213,-0.4,0.387,,0.083,4.901,0.009,0.364,0.007,,0.008 1,M star,3727,30.2
585,232979,-0.086,0.59,,0.075,4.694,0.01,0.571,0.009,,0.012,M star,4076.7,40.3
586,239960,-0.066,0.333,,0.078,4.932,0.013,0.326,0.009,,0.011 1,M star,3493.3,52.1
587,24451,0.088,0.726,,0.073,4.607,0.015,0.699,0.011,,0.022,,4517.4,54.8
588,245409,0.066,0.619,,0.077,4.676,0.011,0.597,0.01,,0.014,,4053.3,40.6
589,24916,0.088,0.726,,0.074,4.609,0.015,0.698,0.012,,0.022,,4511.2,55.4
590,265866,-0.004,0.372,,0.075,4.898,0.011,0.359,0.008,,0.009 1,M star,3515,48.6
591,281540,-0.525,0.636,,0.076,4.661,0.015,0.616,0.009,,0.017,,4768.4,72.1
592,28343,0.375,0.704,,0.068,4.627,0.013,0.674,0.009,,0.015,,4160.8,39.9
593,285968,0.147,0.509,,0.081,4.784,0.009,0.478,0.008,,0.01  1,M star,3703.5,32.1
594,31560,0.13,0.774,,0.081,4.586,0.018,0.741,0.013,,0.027,,4696.9,72
595,32147,0.186,0.799,,0.078,4.552,0.018,0.78,0.011,,0.025,,4805.5,65.1
596,33793,-0.532,0.269,,0.081,5.007,0.013,0.268,0.006,,0.009 1,M star,3671.1,30.1
597,36003,0.155,0.736,,0.068,4.591,0.013,0.717,0.008,,0.018,,4518.1,50.4
598,36395,0.397,0.619,,0.062,4.69,0.011,0.587,0.009,,0.011,,3849.4,26.2
599,38a,0.034,0.617,,0.075,4.675,0.01,0.596,0.009,,0.012,,4076,38.6
600,38b,0.054,0.616,,0.078,4.677,0.01,0.595,0.009,,0.012,,4052.8,39.3
601,39715,-0.041,0.742,,0.075,4.596,0.017,0.716,0.013,,0.025,,4750.6,74.3
602,42581,0.15,0.565,,0.078,4.73,0.009,0.536,0.008,,0.011,M star,3829.3,33
603,4614b,-0.213,0.584,,0.075,4.693,0.01,0.569,0.008,,0.012,M star,4169.8,40.9
604,47752,-0.049,0.73,,0.076,4.606,0.017,0.702,0.013,,0.024,,4690.5,72.6
605,50281,0.017,0.737,,0.079,4.611,0.017,0.703,0.012,,0.024,,4622.8,67
606,52919,0.073,0.744,,0.078,4.602,0.017,0.713,0.013,,0.024,,4608.7,65.1
607,65277,-0.059,0.737,,0.073,4.593,0.017,0.716,0.012,,0.024,,4770.7,72.3
608,75732b,0.128,0.3,,0.079,4.932,0.057,0.309,0.051,,0.06  1,M star,3232.2,69.2
609,79210,-0.029,0.606,,0.069,4.68,0.01,0.588,0.008,,0.012,,4089.3,37.9
610,79211,-0.1,0.579,,0.078,4.703,0.01,0.56,0.009,,0.012,M star,4050.1,39.9
611,84035,0.269,0.77,,0.07,4.572,0.013,0.75,0.008,,0.017,,4577.3,43.7
612,88230,-0.04,0.631,,0.071,4.66,0.011,0.613,0.009,,0.014,,4199.3,44
613,90875,0.309,0.774,,0.074,4.566,0.011,0.757,0.007,,0.016,,4575.3,41.1
614,95650,-0.007,0.562,,0.078,4.725,0.009,0.538,0.008,,0.011,M star,3921.6,34.5
615,95735,-0.361,0.392,,0.082,4.895,0.009,0.369,0.007,,0.008 1,M star,3719.9,28.3
616,97101,0.243,0.695,,0.072,4.625,0.012,0.67,0.008,,0.015,,4205.9,39.6
617,97101b,0.167,0.567,,0.075,4.729,0.01,0.537,0.008,,0.01,M star,3826.2,31.5
618,g205-028,0.004,0.376,,0.076,4.895,0.011,0.362,0.008,,0.009 1,"<20 datapoints, M star",3516.9,47.5
619,g207-019,-0.042,0.361,,0.081,4.909,0.012,0.349,0.009,,0.009 1,M star,3522.9,49.7
620,gl109,-0.049,0.37,,0.082,4.902,0.011,0.356,0.008,,0.009 1,M star,3541.1,48
621,gl2066,-0.048,0.453,,0.082,4.832,0.009,0.427,0.008,,0.009 1,M star,3686.5,33.1
622,gl226,-0.01,0.428,,0.083,4.855,0.009,0.405,0.008,,0.01  1,M star,3622.1,37.2
623,gl239,-0.4,0.46,,0.083,4.822,0.01,0.435,0.008,,0.009,M star,3868.4,31.2
624,gl250b,0.098,0.46,,0.083,4.825,0.009,0.434,0.008,,0.01  1,M star,3626.7,36.5
625,gl26,-0.012,0.441,,0.082,4.844,0.009,0.416,0.007,,0.009 1,M  star,3645.1,35.3
626,gl273,-0.016,0.307,,0.07,4.946,0.015,0.308,0.009,,0.011 1,M star,3418.2,56.1
627,gl317,0.301,0.453,,0.076,4.822,0.012,0.432,0.008,,0.009 1,M star,3492.7,44.6
628,gl357,-0.17,0.354,,0.079,4.922,0.01,0.34,0.008,,0.009 1,M star,3580.9,37.5
629,gl382,0.19,0.535,,0.082,4.761,0.009,0.504,0.008,,0.011,M star,3738.5,31.3
630,gl388,0.016,0.438,,0.071,4.846,0.009,0.414,0.006,,0.008 1,M star,3627.4,30.5
631,gl393,-0.083,0.44,,0.083,4.845,0.01,0.415,0.008,,0.009 1,M star,3680.4,33
632,gl397,0.225,0.699,,0.065,4.617,0.011,0.679,0.006,,0.013,,4253.1,39.3
633,gl406,-0.224,0.104,,0.062,5.251,0.013,0.127,0.003,,0.003 1,M star,3027.2,34.6
634,gl4063,0.224,0.375,,0.099,4.871,0.036,0.37,0.035,,0.042 1,M star,3301,74.6
635,gl408,-0.038,0.398,,0.085,4.881,0.01,0.378,0.008,,0.009 1,M star,3583.3,40.7
636,gl412a,-0.394,0.387,,0.083,4.901,0.009,0.365,0.007,,0.008 1,M star,3724.8,30.1
637,gl433,-0.014,0.482,,0.082,4.805,0.009,0.454,0.008,,0.009 1,M star,3727.1,31.6
638,gl445,-0.089,0.25,,0.065,5.002,0.014,0.261,0.007,,0.008 1,M star,3376.8,50.4
639,gl450,-0.08,0.469,,0.082,4.816,0.009,0.442,0.008,,0.009 1,M star,3737.5,34
640,gl47,-0.123,0.393,,0.081,4.889,0.009,0.372,0.007,,0.009 1,M star,3614.5,35.1
641,gl48,0.132,0.482,,0.074,4.806,0.008,0.453,0.007,,0.009 1,M star,3655.3,30.4
642,gl486,0.086,0.339,,0.057,4.913,0.014,0.336,0.009,,0.01  1,M star,3345.1,57
643,gl49,0.179,0.563,,0.075,4.734,0.009,0.532,0.008,,0.012,M star,3808.1,31.5
644,gl514,-0.114,0.507,,0.079,4.777,0.01,0.481,0.008,,0.01,M star,3837.7,33.2
645,gl528b,-0.046,0.7,,0.061,4.62,0.02,0.679,0.024,,0.03,,0,0
646,gl569a,0.09,0.496,,0.08,4.795,0.009,0.466,0.008,,0.01  1,M star,3703,31.7
647,gl625,-0.363,0.317,,0.083,4.957,0.011,0.309,0.007,,0.01  1,M star,3637.5,32.9
648,gl667c,-0.338,0.326,,0.083,4.951,0.011,0.315,0.007,,0.01  1,M star,3634.9,32.6
649,gl686,-0.265,0.444,,0.085,4.842,0.01,0.417,0.008,,0.009 1,M star,3770.7,31.3
650,gl687,0.063,0.418,,0.078,4.859,0.01,0.397,0.008,,0.009 1,M star,3561.3,41.8
651,gl694,0.061,0.449,,0.079,4.835,0.01,0.423,0.008,,0.009 1,M star,3623.5,35.7
652,gl699,-0.294,0.156,,0.078,5.134,0.011,0.177,0.005,,0.004 1,M star,3332.2,47.8
653,gl745a,-0.379,0.314,,0.082,4.96,0.012,0.306,0.007,,0.01  1,M star,3641.8,32.2
654,gl745b,-0.377,0.315,,0.082,4.959,0.011,0.307,0.007,,0.01  1,M star,3641.6,32.2
655,gl793,-0.009,0.394,,0.081,4.883,0.01,0.375,0.008,,0.01  1,M star,3559.1,41.5
656,gl803,0.194,0.577,,0.09,4.72,0.03,0.547,0.034,,0.034,M star,3835.8,69.3
657,gl806,-0.117,0.432,,0.083,4.853,0.009,0.407,0.008,,0.009 1,M star,3680.5,32.8
658,gl83.1,-0.14,0.148,,0.069,5.134,0.012,0.172,0.004,,0.004 1,M star,3185,40
659,gl87,-0.354,0.444,,0.084,4.84,0.009,0.418,0.007,,0.008,M star,3812.9,30.5
660,gl876,0.213,0.37,,0.064,4.875,0.012,0.367,0.008,,0.009 1,M star,3293.7,48.4
661,gl905,-0.028,0.149,,0.064,5.121,0.013,0.176,0.005,,0.004 1,M star,3114.9,45.8
662,gl908,-0.461,0.408,,0.084,4.879,0.009,0.384,0.007,,0.009 1,M star,3787,29.1
663,hip103039,0.024,0.246,,0.061,4.994,0.015,0.261,0.008,,0.008 1,M star,3257.2,55.2
664,hip104432,-0.491,0.352,,0.085,4.933,0.009,0.335,0.007,,0.009 1,M star,3719,29.4
665,hip109388,0.396,0.496,,0.062,4.791,0.009,0.468,0.007,,0.009 1,M star,3562.7,30.5
666,hip11048,0.22,0.603,,0.079,4.698,0.01,0.575,0.009,,0.012,,3891.2,35
667,hip112460,-0.067,0.327,,0.071,4.933,0.011,0.322,0.008,,0.011 1,M star,3484.5,47.1
668,hip115332,0.311,0.415,,0.071,4.844,0.014,0.403,0.01,,0.009 1,M star,3366.7,49.2
669,hip117886,0.065,0.574,,0.079,4.717,0.01,0.549,0.009,,0.011,M star,3912.7,37.1
670,hip1368,0.126,0.662,,0.074,4.644,0.011,0.641,0.009,,0.016,,4170.7,44.5
671,hip19165,-0.071,0.657,,0.066,4.639,0.012,0.641,0.008,,0.016,,4363.2,48.6
672,hip21556,-0.012,0.482,,0.081,4.806,0.009,0.453,0.008,,0.01  1,M star,3725.6,32
673,hip22627,0.183,0.393,,0.072,4.87,0.011,0.381,0.008,,0.01  1,M star,3411.8,46.6
674,hip22762,-0.165,0.416,,0.082,4.868,0.009,0.392,0.008,,0.009 1,M star,3673.9,32.6
675,hip23512,-0.122,0.279,,0.068,4.977,0.014,0.284,0.007,,0.009 1,M star,3454.4,44.9
676,hip24284,-0.054,0.448,,0.083,4.837,0.01,0.422,0.008,,0.01  1,M star,3679.7,33.5
677,hip30112,0.139,0.696,,0.074,4.621,0.013,0.674,0.01,,0.017,,4315.7,48.8
678,hip36338,0.039,0.402,,0.079,4.874,0.011,0.383,0.008,,0.009 1,M star,3540.9,42.7
679,hip36834,-0.44,0.409,,0.086,4.878,0.009,0.384,0.008,,0.009 1,M star,3780,29.6
680,hip37217,-0.119,0.298,,0.071,4.961,0.013,0.299,0.007,,0.01  1,M star,3479.9,42.8
681,hip37766,0.125,0.341,,0.056,4.905,0.013,0.34,0.009,,0.009 1,M star,3301.2,48.5
682,hip41689,-0.324,0.546,,0.077,4.728,0.009,0.527,0.007,,0.01,M star,4098.8,38.2
683,hip42220,0.136,0.643,,0.074,4.657,0.01,0.622,0.008,,0.013,,4083.7,40.7
684,hip428,-0.007,0.526,,0.081,4.761,0.009,0.5,0.008,,0.011,M star,3827.1,33.4
685,hip46655,-0.04,0.315,,0.069,4.943,0.014,0.313,0.008,,0.01  1,M star,3450.1,51.7
686,hip46769,-0.164,0.502,,0.081,4.78,0.01,0.476,0.008,,0.01,M star,3855,32.8
687,hip47513,0.041,0.487,,0.082,4.8,0.009,0.459,0.008,,0.009 1,M star,3711,31.3
688,hip48714,0.214,0.619,,0.08,4.686,0.011,0.59,0.01,,0.012,,3934.1,35.8
689,hip51007,0.067,0.54,,0.08,4.751,0.009,0.512,0.008,,0.01,M star,3817.7,33.8
690,hip53020,0.086,0.291,,0.056,4.946,0.015,0.3,0.009,,0.01  1,M star,3265.1,55.9
691,hip54532,-0.03,0.465,,0.077,4.822,0.009,0.438,0.008,,0.009 1,M star,3703.2,32.2
692,hip55360,-0.291,0.477,,0.067,4.803,0.008,0.453,0.006,,0.008,M star,3863.5,25.7
693,hip5643,-0.23,0.135,,0.077,5.172,0.013,0.158,0.004,,0.003 1,M star,3192.9,45.2
694,hip57050,0.16,0.374,,0.066,4.88,0.01,0.367,0.008,,0.009 1,M star,3357.6,48.4
695,hip57087,0.099,0.441,,0.078,4.841,0.009,0.417,0.008,,0.009 1,M star,3586.1,36.4
696,hip57548,-0.042,0.183,,0.07,5.072,0.013,0.206,0.006,,0.005 1,M star,3206,51.4
697,hip59406b,-0.06,0.371,,0.082,4.902,0.01,0.357,0.007,,0.008 1,M star,3547.4,47.3
698,hip60559,-0.414,0.252,,0.081,5.02,0.013,0.256,0.006,,0.008 1,M star,3604.5,35.1
699,hip60633,0.288,0.764,,0.074,4.576,0.012,0.743,0.007,,0.017,,4527.7,42.2
700,hip63510,0.247,0.587,,0.08,4.713,0.01,0.558,0.008,,0.011,M star,3833.4,31.6
701,hip66459,-0.2,0.551,,0.079,4.729,0.01,0.53,0.009,,0.011,M star,4023.2,39
702,hip67164,0.065,0.36,,0.064,4.898,0.014,0.353,0.01,,0.009 1,M star,3415.9,57.2
703,hip70865,0.118,0.522,,0.082,4.769,0.008,0.492,0.008,,0.01,M star,3748.9,34.2
704,hip70975,0.044,0.341,,0.059,4.916,0.014,0.336,0.01,,0.011 1,M star,3402,59.1
705,hip71253,0.168,0.326,,0.056,4.911,0.015,0.331,0.009,,0.009 1,M star,3218.1,58.3
706,hip71898,-0.226,0.4,,0.084,4.885,0.009,0.377,0.007,,0.009 1,M star,3674.8,33.3
707,hip74995,-0.088,0.319,,0.074,4.942,0.013,0.315,0.007,,0.01  1,M star,3490.4,42.5
708,hip8051,-0.073,0.414,,0.085,4.867,0.009,0.392,0.008,,0.009 1,M star,3629.9,35
709,hip80824,0.059,0.323,,0.059,4.927,0.015,0.323,0.01,,0.011 1,M star,3350.4,57.8
710,hip83043,0.044,0.53,,0.083,4.759,0.008,0.502,0.008,,0.01,M star,3807.2,33.9
711,hip84099,0.077,0.399,,0.073,4.874,0.011,0.382,0.008,,0.01  1,M star,3507.9,45.8
712,hip84790,-0.102,0.375,,0.082,4.901,0.009,0.359,0.007,,0.009 1,M star,3578.2,36.2
713,hip86961,0.207,0.548,,0.08,4.748,0.009,0.516,0.008,,0.01  1,M star,3758,32.6
714,hip91699,-0.11,0.363,,0.082,4.91,0.01,0.349,0.008,,0.009 1,M star,3562.8,39
715,hip92403,-0.214,0.176,,0.071,5.097,0.013,0.196,0.005,,0.005 1,M star,3328,52.4
716,lhs462,-0.139,0.301,,0.073,4.96,0.014,0.3,0.007,,0.01  1,M star,3497.2,43.6
717,s122446,-0.14,0.456,,0.093,4.828,0.042,0.429,0.04,,0.041,M star,3741,69.9
718,s130811,0.229,0.66,,0.09,4.656,0.02,0.632,0.024,,0.026,,4064.2,69.4