,pl_name,st_met
0,ups And b,0.121519701565
1,ups And c,0.121519701565
2,ups And d,0.121519701565
3,gam Lib b,-0.27
4,gam Lib c,-0.27
5,bet Pic b,
6,bet Pic c,
7,XO-2 S b,0.39
8,XO-2 S c,0.39
9,WASP-8 b,0.17
10,WASP-8 c,0.17
11,WASP-53 b,0.22
12,WASP-53 c,0.22
13,WASP-47 b,0.38
14,WASP-47 c,0.38
15,WASP-47 d,0.38
16,WASP-47 e,0.38
17,WASP-41 b,0.06
18,WASP-41 c,0.06
19,V1298 Tau b,0.1
20,V1298 Tau c,0.1
21,V1298 Tau d,0.1
22,V1298 Tau e,
23,TYC 1422-614-1 b,-0.2
24,TYC 1422-614-1 c,-0.2
25,TOI-969 b,0.175
26,TOI-969 c,0.175
27,TOI-4010 b,0.37
28,TOI-4010 c,0.37
29,TOI-4010 d,0.37
30,TOI-4010 e,0.37
31,TOI-2202 b,0.04
32,TOI-2202 c,0.04
33,TOI-1736 b,0.148
34,TOI-1736 c,0.148
35,TOI-1694 b,0.131
36,TOI-1694 c,0.131
37,TOI-1669 b,0.274
38,TOI-1669 c,0.274
39,TOI-1670 b,0.09
40,TOI-1670 c,0.09
41,TOI-1130 b,0.11
42,TOI-1130 c,0.11
43,TIC 279401253 b,0.2
44,TIC 279401253 c,0.2
45,TIC 139270665 b,0.156
46,TIC 139270665 c,0.156
47,Pr0211 b,0.18
48,Pr0211 c,0.18
49,Kepler-93 b,-0.18
50,Kepler-93 c,-0.18
51,Kepler-94 b,0.34
52,Kepler-94 c,0.34
53,Kepler-68 b,0.11
54,Kepler-68 c,0.11
55,Kepler-68 d,0.11
56,Kepler-68 e,0.11
57,Kepler-65 b,0.17
58,Kepler-65 c,0.17
59,Kepler-65 d,0.17
60,Kepler-65 e,0.17
61,Kepler-56 b,0.2
62,Kepler-56 c,0.2
63,Kepler-56 d,0.363
64,Kepler-539 b,-0.01
65,Kepler-539 c,-0.01
66,Kepler-48 b,0.17
67,Kepler-48 c,0.17
68,Kepler-48 d,0.17
69,Kepler-48 e,0.17
70,Kepler-48 f,0.17
71,Kepler-454 b,0.32
72,Kepler-454 c,0.32
73,Kepler-454 d,0.32
74,Kepler-432 b,-0.07
75,Kepler-432 c,-0.07
76,Kepler-424 b,0.44
77,Kepler-424 c,0.44
78,Kepler-407 b,0.33
79,Kepler-407 c,0.33
80,Kepler-139 b,0.35
81,Kepler-139 c,0.35
82,Kepler-139 d,0.35
83,Kepler-139 e,0.35
84,Kepler-129 b,0.29
85,Kepler-129 c,0.29
86,Kepler-129 d,0.29
87,KOI-351 b,-0.12
88,KOI-351 c,-0.12
89,KOI-351 d,-0.12
90,KOI-351 e,-0.12
91,KOI-351 f,-0.12
92,KOI-351 g,-0.12
93,KOI-351 h,-0.12
94,Kepler-90 i,0.098
95,KOI-142 b,0.27
96,KOI-142 c,0.27
97,Kepler-88 d,0.27
98,KELT-6 b,-0.28
99,KELT-6 c,-0.27
100,HD 11343 c,-0.15
101,HIP 8541 b,-0.15
102,HIP 67851 b,-0.03
103,HIP 67851 c,-0.03
104,HIP 65407 b,0.25
105,HIP 65407 c,0.25
106,HIP 57274 b,0.01
107,HIP 57274 c,0.09
108,HIP 57274 d,0.09
109,HIP 14810 b,0.24
110,HIP 14810 c,0.24
111,HIP 14810 d,0.24
112,HD 99706 b,0.14
113,HD 99706 c,0.14
114,HD 9446 b,0.09
115,HD 9446 c,0.09
116,HD 92788 b,0.27
117,HD 92788 c,0.27
118,HD 83443 b,0.34
119,HD 83443 c,0.34
120,HD 82943 b,0.26
121,HD 82943 c,0.26
122,HD 80653 b,0.255
123,K2-312 c,0.255
124,HD 75898 b,0.29
125,HD 75898 c,0.29
126,HD 75784 b,0.25
127,HD 75784 c,0.25
128,HD 74156 b,0.131
129,HD 74156 c,0.131
130,HD 73526 c,0.22
131,HD 72659 b,-0.01004439685648
132,HD 72659 c,-0.01004439685648
133,HD 68988 b,0.35
134,HD 68988 c,0.305
135,HD 67087 b,0.25
136,HD 67087 c,0.25
137,HD 65216 b,-0.16
138,HD 65216 c,-0.16
139,HD 62364 b,-0.11
140,HD 60532 b,-0.26
141,HD 60532 c,-0.26
142,HD 5319 b,0.15
143,HD 5319 c,0.15
144,HD 50499 b,0.26
145,HD 50499 c,0.38
146,HD 47366 b,-0.02
147,HD 47366 c,-0.02
148,HD 4732 b,-0.01
149,HD 4732 c,-0.01
150,HD 45364 b,-0.17
151,HD 45364 c,-0.17
152,HD 4203 b,0.4
153,HD 4203 c,0.34
154,HD 39091 b,0.09
155,pi Men c,0.09
156,pi Men d,0.09
157,HD 38529 b,0.377330333049
158,HD 38529 c,0.377330333049
159,HD 37605 b,0.27
160,HD 37605 c,0.27
161,HD 37124 b,-0.44
162,HD 37124 c,-0.44
163,HD 37124 d,-0.44
164,HD 34445 b,0.18
165,HD 34445 c,0.14
166,HD 34445 d,0.14
167,HD 34445 e,0.14
168,HD 34445 f,0.14
169,HD 34445 g,0.14
170,HD 33844 b,0.27
171,HD 33844 c,0.27
172,HD 33142 b,0.06
173,HD 33142 c,0.06
174,HD 33142 d,0.06
175,HD 30177 b,0.39
176,HD 30177 c,0.39
177,HD 28185 b,0.2272134075489999
178,HD 28185 c,0.2272134075489999
179,HD 27894 b,0.3
180,HD 27894 c,0.3
181,HD 27894 d,0.3
182,HD 24040 b,0.19
183,HD 24040 c,0.197
184,HD 219828 b,0.19
185,HD 219828 c,0.19
186,HD 207832 b,0.14
187,HD 207832 c,0.14
188,HD 20782 b,-0.054
189,HD 204313 b,0.18
190,HD 204313 c,0.18
191,HD 204313 e,0.18
192,HD 202696 b,0.02
193,HD 202696 c,0.02
194,HD 200964 b,-0.15
195,HD 200964 c,-0.15
196,HD 191939 b,-0.15
197,HD 191939 c,-0.15
198,HD 191939 d,-0.15
199,HD 191939 e,-0.15
200,HD 191939 f,-0.15
201,HD 191939 g,-0.15
202,HD 190360 b,0.19
203,HD 190360 c,0.19
204,HD 187123 b,0.09
205,HD 187123 c,0.09
206,HD 183263 b,0.2775800598245
207,HD 183263 c,0.2775800598245
208,HD 181433 b,0.38
209,HD 181433 c,0.33
210,HD 181433 d,0.33
211,HD 177830 b,0.42
212,HD 177830 c,0.545
213,HD 169830 b,0.119805597102
214,HD 169830 c,0.119805597102
215,HD 168443 b,0.0761566265112499
216,HD 168443 c,0.0761566265112499
217,HD 160691 b,0.28
218,HD 160691 c,0.28
219,HD 160691 d,0.28
220,HD 160691 e,0.28
221,HD 1605 b,0.22
222,HD 1605 c,0.22
223,HD 159868 b,-0.08
224,HD 159868 c,-0.08
225,HD 159243 b,0.05
226,HD 159243 c,0.05
227,HD 156279 b,0.19166574301
228,HD 156279 c,0.19166574301
229,HD 155358 b,-0.6
230,HD 155358 c,-0.51
231,HD 154857 b,-0.22
232,HD 154857 c,-0.2
233,HD 148164 b,0.24
234,HD 148164 c,0.24
235,HD 147873 b,0.03
236,HD 147873 c,0.03
237,HD 147018 b,0.1
238,HD 147018 c,0.1
239,HD 142 A d,0.09
240,HD 142 b,0.09
241,HD 142 c,0.09
242,HD 141399 b,0.35
243,HD 141399 c,0.35
244,HD 141399 d,0.35
245,HD 141399 e,0.35
246,HD 140901 c,
247,HD 13908 b,0.01
248,HD 13908 c,0.01
249,HD 137496 b,-0.03
250,HD 137496 c,-0.03
251,HD 134987 b,0.28
252,HD 134987 c,0.28
253,HD 128311 b,0.133805924451
254,HD 128311 c,0.133805924451
255,HD 12661 b,0.36
256,HD 12661 c,0.36
257,HD 125612 b,0.23
258,HD 125612 c,0.23
259,HD 125612 d,0.23
260,HD 11964 b,0.1
261,HD 11964 c,0.1
262,HD 118203 b,0.22
263,HD 118203 c,0.22
264,HD 116029 b,0.09
265,HD 116029 c,0.09
266,HD 11506 b,0.3
267,HD 11506 c,0.3
268,HD 11506 d,0.3
269,HD 114783 b,0.21
270,HD 114783 c,0.21
271,HD 113538 b,-0.24
272,HD 113538 c,-0.24
273,HD 113337 b,0.07
274,HD 113337 c,0.07
275,HD 111232 b,-0.36
276,HD 111232 c,-0.36
277,HD 108874 b,0.26
278,HD 108874 c,0.19
279,HD 102329 b,0.05
280,HD 102329 c,0.05
281,HATS-59 b,0.18
282,HATS-59 c,0.18
283,HAT-P-44 b,0.33
284,HAT-P-44 c,0.33
285,HAT-P-2 b,0.18
286,HAT-P-2 c,0.18
287,HAT-P-17 b,0.0
288,HAT-P-17 c,0.051
289,HAT-P-13 b,0.41
290,HAT-P-13 c,0.41
291,HAT-P-11 b,0.31
292,HAT-P-11 c,0.31
293,GJ 876 b,0.212863544703
294,GJ 876 c,0.212863544703
295,GJ 876 d,0.212863544703
296,GJ 876 e,0.212863544703
297,GJ 849 b,0.09
298,GJ 849 c,0.09
299,GJ 676 A b,0.23
300,GJ 676 A c,0.23
301,GJ 676 A d,0.23
302,GJ 676 A e,0.23
303,GJ 328 b,-0.06
304,GJ 328 c,-0.06
305,GJ 317 b,0.300677973249
306,GJ 317 c,0.300677973249
307,CoRoT-20 b,0.14
308,CoRoT-20 c,0.14
309,BD-210397 b,0.12
310,BD-210397 c,0.12
311,BD-11 4672 b,-0.35
312,BD-11 4672 c,-0.35
313,BD+20 2457 b,-1.0
314,BD+20 2457 c,-1.0
315,75 Cet b,0.1
316,75 Cet c,0.1
317,7 CMa b,0.21
318,7 CMa c,0.21
319,55 Cnc b,0.35
320,55 Cnc c,0.35
321,55 Cnc d,0.35
322,55 Cnc e,0.35
323,55 Cnc f,0.35
324,47 UMa b,0.04
325,47 UMa c,0.04
326,47 UMa d,0.04
327,24 Sex b,-0.03
328,24 Sex c,-0.03
329,14 Her b,0.4052125518154999
330,HD 145675 c,0.4052125518154999
331,xi Aql b,-0.11
332,ups Leo b,-0.2
333,tau Boo b,0.264
334,ome Ser b,-0.12
335,mu Leo b,0.36
336,gam1 Leo b,
337,gam Psc b,-0.62
338,gam Cep b,0.18
339,eps Eri b,-0.04388701594695
340,eps CrB b,-0.094
341,bet UMi b,-0.27
342,bet Cnc b,-0.29
343,alf Tau b,-0.27
344,alf Ari b,
345,XO-7 b,0.432
346,XO-5 b,0.05
347,XO-4 b,-0.04
348,XO-3 b,-0.18
349,WASP-93 b,0.07
350,WASP-89 b,0.15
351,WASP-81 b,-0.36
352,WASP-80 b,-0.13
353,WASP-76 b,0.366
354,WASP-74 b,0.39
355,WASP-73 b,0.14
356,WASP-70 A b,-0.006
357,WASP-7 b,0.0
358,WASP-68 b,0.22
359,WASP-66 b,-0.31
360,WASP-62 b,0.04
361,WASP-60 b,-0.04
362,WASP-54 b,-0.27
363,WASP-50 b,-0.12
364,WASP-5 b,0.09
365,WASP-48 b,-0.12
366,WASP-42 b,0.29
367,WASP-4 b,-0.07
368,WASP-38 b,-0.02
369,WASP-34 b,-0.02
370,WASP-32 b,-0.13
371,WASP-3 b,0.0
372,WASP-26 b,0.16
373,WASP-24 b,0.0
374,WASP-22 b,-0.05
375,WASP-2 b,0.12
376,WASP-118 b,0.16
377,WASP-106 b,-0.09
378,TrES-4 b,0.14
379,TrES-2 b,-0.15
380,TrES-1 b,0.02
381,TYC 4282-00605-1 b,-0.07
382,TYC 3667-1280-1 b,-0.08
383,TYC 3318-01333-1 b,-0.06
384,TYC 0434-04538-1 b,-0.38
385,TOI-778 b,0.0
386,TOI-6029 b,0.37
387,TOI-5153 b,0.12
388,TOI-481 b,0.26
389,TOI-4603 b,0.342
390,TOI-3321 b,-0.103
391,TOI-2589 b,0.12
392,TOI-2529 b,0.1
393,TOI-2497 b,0.094
394,TOI-2485 b,
395,TOI-2420 b,
396,TOI-2368 b,0.1
397,TOI-2338 b,0.22
398,TOI-2180 b,0.253
399,TOI-2107 b,0.07
400,TOI-2010 b,0.168
401,TOI-1899 b,0.28
402,TOI-1855 b,0.399
403,TOI-1516 b,-0.05
404,TOI-1181 b,0.38
405,TIC 4672985 b,0.14
406,TIC 241249530 b,0.09
407,Qatar-2 b,0.02
408,NGTS-30 b,-0.03
409,NGTS-20 b,0.15
410,NGC 2682 Sand 978 b,
411,NGC 2682 Sand 1429 b,-0.013
412,Kepler-447 b,0.07
413,Kepler-43 b,0.33
414,Kepler-423 b,-0.1
415,Kepler-1658 b,-0.18
416,KOI-3680 b,0.16
417,KIC 8121913 b,0.252
418,KIC 3526061 b,0.12
419,KELT-4 A b,-0.116
420,KELT-24 b,0.138
421,KELT-19 A b,-0.12
422,KELT-17 b,-0.018
423,KELT-12 b,0.19
424,K2-97 b,0.328
425,K2-419 A b,-0.11
426,IC 4651 9122 b,0.12
427,HS Psc b,-0.05
428,HR 5183 b,0.1
429,HIP 75092 b,-0.01
430,HIP 74890 b,0.2
431,HIP 63242 b,-0.31
432,HIP 114933 b,0.06
433,HIP 109600 b,-0.12
434,HIP 109384 b,-0.26
435,HIP 107773 b,0.03
436,HIP 105854 b,0.31
437,HD 99283 b,-0.16
438,HD 98736 b,0.36
439,HD 98219 b,-0.02
440,HD 96992 b,-0.45
441,HD 96167 b,0.34
442,HD 96063 b,-0.3
443,HD 94834 b,
444,HD 94771 b,0.22
445,HD 9174 b,0.39
446,HD 89744 b,0.26
447,HD 87883 b,0.11
448,HD 87646 b,-0.17
449,HD 86950 b,0.04
450,HD 86081 b,0.22
451,HD 8574 b,0.01
452,HD 8535 b,0.06
453,HD 81688 b,-0.32
454,HD 80606 b,0.35
455,HD 79181 b,-0.28
456,HD 76920 b,-0.19
457,HD 73534 b,0.232
458,HD 72490 b,
459,HD 70573 b,-0.18
460,HD 68402 b,0.29
461,HD 66141 b,-0.323
462,HD 62509 b,0.103
463,HD 60292 b,-0.17
464,HD 59686 A b,0.15
465,HD 5583 b,-0.5
466,HD 55696 b,0.37
467,HD 52265 b,0.19074500045
468,HD 50554 b,-0.04
469,HD 4917 b,
470,HD 4760 b,-0.91
471,HD 47536 b,-0.65
472,HD 43691 b,0.33
473,HD 4313 b,0.14
474,HD 42012 b,-0.09
475,HD 36384 b,-0.16
476,HD 360 b,-0.06
477,HD 35759 b,0.04
478,HD 331093 b,0.17
479,HD 32963 b,0.11
480,HD 32518 b,-0.15
481,HD 30856 b,-0.06
482,HD 2952 b,0.0
483,HD 29021 b,-0.24
484,HD 28678 b,-0.11
485,HD 27969 b,0.18
486,HD 25723 b,-0.03
487,HD 240210 b,-0.18
488,HD 238914 b,-0.25
489,HD 233832 b,-0.66
490,HD 233604 b,-0.36
491,HD 231701 b,0.05
492,HD 22781 b,-0.37
493,HD 224693 b,0.27
494,HD 222237 b,-0.32
495,HD 222076 b,0.05
496,HD 221585 b,0.29
497,HD 221287 b,-0.03
498,HD 220842 b,-0.17
499,HD 220773 b,0.09
500,HD 219415 b,-0.04
501,HD 219139 b,-0.2
502,HD 213472 b,0.125
503,HD 212771 b,-0.21
504,HD 211810 b,0.17
505,HD 211403 b,0.18
506,HD 210702 b,-0.02
507,HD 209458 b,0.01
508,HD 208897 b,0.21
509,HD 208527 b,-0.09
510,HD 206610 b,0.14
511,HD 205739 b,0.19
512,HD 19994 b,0.27
513,HD 197037 b,-0.2
514,HD 196885 A b,0.22
515,HD 19615 b,-0.31
516,HD 196067 b,0.18
517,HD 190984 b,-0.48
518,HD 189733 b,-0.02
519,HD 18742 b,-0.04
520,HD 185269 b,0.11
521,HD 181342 b,0.2
522,HD 180902 b,0.04
523,HD 18015 b,-0.14
524,HD 180053 b,
525,HD 17674 b,-0.16
526,HD 175541 b,0.0978422901136
527,HD 174205 b,-0.28
528,HD 173416 b,-0.22
529,HD 17156 b,0.19
530,HD 167768 b,-0.67
531,HD 167042 b,-0.01
532,HD 166724 b,-0.09
533,HD 1666 b,0.37
534,HD 165155 b,0.09
535,HD 161178 b,-0.21
536,HD 158996 b,-0.2
537,HD 156411 b,-0.12
538,HD 155193 b,0.05
539,HD 154391 b,0.1
540,HD 152581 b,-0.46
541,HD 150706 b,-0.01
542,HD 1502 b,0.09
543,HD 150010 b,-0.25
544,HD 149143 b,0.29
545,HD 148156 b,0.29
546,HD 14787 b,
547,HD 147513 b,0.06
548,HD 145457 b,-0.14
549,HD 143105 b,0.15
550,HD 14067 b,-0.1
551,HD 136925 b,-0.217
552,HD 132563 b,
553,HD 131496 b,0.25
554,HD 130322 b,0.08626321443325
555,HD 128356 b,0.17
556,HD 12484 b,0.05
557,HD 124330 b,0.22
558,HD 120084 b,0.1
559,HD 11977 b,-0.21
560,HD 115954 b,0.34
561,HD 114082 b,0.0
562,HD 113996 b,0.13
563,HD 112640 b,-0.09
564,HD 112570 b,-0.4
565,HD 112300 b,-0.06
566,HD 110014 b,0.19
567,HD 109286 b,0.05
568,HD 108863 b,0.2
569,HD 108341 b,0.04
570,HD 10647 b,0.0
571,HD 106270 b,0.06
572,HD 105779 b,-0.25
573,HD 104985 b,-0.32
574,HD 10442 b,0.11
575,HD 103891 b,-0.19
576,HD 103720 b,-0.02
577,HD 102956 b,0.19
578,HATS-70 b,0.041
579,HATS-68 b,0.21
580,HATS-64 b,0.22
581,HATS-62 b,0.133
582,HATS-56 b,0.19
583,HATS-54 b,0.37
584,HATS-51 b,
585,HATS-50 b,
586,HATS-41 b,0.47
587,HATS-40 b,0.01
588,HATS-33 b,0.29
589,HATS-27 b,0.09
590,HATS-15 b,0.0
591,HATS-14 b,0.33
592,HATS-10 b,0.15
593,HAT-P-70 b,-0.059
594,HAT-P-69 b,-0.069
595,HAT-P-66 b,0.035
596,HAT-P-64 b,-0.113
597,HAT-P-63 b,0.251
598,HAT-P-61 b,0.194
599,HAT-P-60 b,0.037
600,HAT-P-50 b,-0.18
601,HAT-P-39 b,0.19
602,HAT-P-34 b,0.22
603,HAT-P-33 b,0.05
604,HAT-P-32 b,-0.16
605,HAT-P-31 b,0.15
606,HAT-P-30 b,0.13
607,HAT-P-3 b,0.27
608,HAT-P-29 b,0.21
609,HAT-P-27 b,0.3
610,HAT-P-24 b,-0.16
611,HAT-P-22 b,0.24
612,HAT-P-21 b,0.01
613,HAT-P-20 b,0.35
614,HAT-P-16 b,0.17
615,HAT-P-15 b,0.22
616,HAT-P-14 b,0.11
617,HAT-P-1 b,0.13
618,GJ 3021 b,0.1
619,GJ 179 b,0.3
620,CoRoT-9 b,-0.01
621,CoRoT-29 b,0.2
622,CoRoT-26 b,0.01
623,CoRoT-16 b,0.19
624,CoRoT-12 b,0.16
625,CI Tau c,
626,BD+55 362 b,0.18
627,BD+49 828 b,-0.19
628,BD+48 740 b,-0.13
629,BD+48 738 b,-0.2
630,BD+20 274 b,-0.46
631,BD+15 2940 b,0.28
632,BD+15 2375 b,-0.22
633,BD+03 2562 b,-0.71
634,91 Aqr b,-0.03
635,81 Cet b,-0.11
636,70 Vir b,-0.0401746424666999
637,6 Lyn b,-0.17
638,42 Dra b,-0.46
639,4 UMa b,-0.25
640,24 Boo b,-0.78
641,18 Del b,-0.06
642,17 Sco b,-0.01
643,14 And b,-0.21
644,11 Com b,-0.26
645,rho CrB c,-0.2
646,rho CrB d,-0.2
647,rho CrB e,-0.2
648,WASP-96 b,0.14
649,WASP-94 A b,0.26
650,WASP-88 b,-0.08
651,WASP-83 b,0.29
652,WASP-69 b,0.15
653,WASP-63 b,0.08
654,WASP-6 b,-0.2
655,WASP-49 b,-0.23
656,WASP-21 b,-0.46
657,WASP-20 b,-0.008
658,WASP-193 b,-0.06
659,WASP-182 b,0.27
660,WASP-181 b,0.09
661,WASP-172 b,-0.1
662,WASP-168 b,-0.01
663,WASP-166 b,0.19
664,WASP-160 B b,0.27
665,WASP-156 b,0.305
666,WASP-153 b,0.34
667,WASP-148 b,0.099
668,WASP-148 c,0.099
669,WASP-147 b,0.092
670,WASP-139 b,0.2
671,WASP-131 b,-0.18
672,WASP-13 b,0.0
673,WASP-117 b,-0.11
674,WASP-107 b,0.02
675,WASP-107 c,0.02
676,TYC 2187-512-1 b,0.08
677,TOI-849 b,0.19
678,TOI-815 b,-0.09
679,TOI-815 c,-0.09
680,TOI-622 b,0.09
681,TOI-615 b,-0.1
682,TOI-544 b,-0.17
683,TOI-544 c,-0.17
684,TOI-5398 b,0.09
685,TOI-5398 c,0.09
686,TOI-500 b,0.12
687,TOI-500 c,0.12
688,TOI-500 d,0.12
689,TOI-500 e,0.12
690,TOI-4994 b,0.165
691,TOI-4860 b,0.27
692,TOI-4406 b,0.1
693,TOI-3629 b,0.4
694,TOI-257 b,0.175
695,TOI-2447 b,0.18
696,TOI-2141 b,-0.12
697,TOI-2134 b,0.12
698,TOI-2134 c,0.12
699,TOI-201 b,0.24
700,TOI-2000 b,0.439
701,TOI-2000 c,0.439
702,TOI-199 b,0.22
703,TOI-199 c,0.22
704,TOI-1853 b,0.11
705,TOI-181 b,0.272
706,TOI-1273 b,0.07
707,TOI-1268 b,0.36
708,TOI-1199 b,0.44
709,TOI-1173 b,0.139
710,NGTS-5 b,0.12
711,NGC 2682 YBP 401 b,
712,NGC 2682 YBP 1514 b,0.03
713,NGC 2682 YBP 1194 b,0.023
714,Kepler-77 b,0.2
715,Kepler-68 b,0.11
716,Kepler-68 c,0.11
717,Kepler-68 d,0.11
718,Kepler-68 e,0.11
719,Kepler-1656 b,0.19
720,Kepler-1656 c,0.19
721,Kepler-129 b,0.29
722,Kepler-129 c,0.29
723,Kepler-129 d,0.29
724,Kepler-103 b,0.16
725,Kepler-103 c,0.16
726,Kepler-101 b,0.33
727,Kepler-101 c,0.33
728,Kepler-100 b,0.02
729,Kepler-100 c,0.02
730,Kepler-100 d,0.02
731,Kepler-100 e,0.02
732,KOI-94 b,0.023
733,KOI-94 c,0.023
734,KOI-94 d,0.023
735,KOI-94 e,0.023
736,K2-66 b,-0.047
737,K2-329 b,0.098
738,K2-280 b,0.33
739,K2-27 b,0.13
740,K2-25 b,0.15
741,K2-100 b,0.22
742,HIP 48714 b,
743,HD 99492 b,0.3
744,HD 99492 c,0.3
745,HD 95338 b,0.04
746,HD 88133 b,0.33
747,HD 86226 b,0.018
748,HD 86226 c,0.018
749,HD 85390 b,-0.07
750,HD 74698 b,0.07
751,HD 74698 c,0.07
752,HD 63433 b,0.079
753,HD 63433 c,0.079
754,HD 63433 d,0.03
755,HD 564 b,-0.2
756,HD 47186 b,0.24
757,HD 47186 c,0.24
758,HD 46375 b,0.24
759,HD 3765 b,0.172
760,HD 3651 b,0.167750672155
761,HD 33283 b,0.35
762,HD 332231 b,0.043
763,HD 30669 b,0.13
764,HD 220197 b,-0.55
765,HD 21411 b,
766,HD 210193 b,
767,HD 206255 b,
768,HD 192310 b,-0.04
769,HD 192310 c,-0.04
770,HD 18599 b,0.0
771,HD 184010 b,-0.17
772,HD 184010 c,-0.17
773,HD 184010 d,-0.17
774,HD 183579 b,-0.038
775,HD 179079 b,0.24
776,HD 164922 b,0.18
777,HD 164922 c,0.18
778,HD 164922 d,0.18
779,HD 164922 e,0.197
780,HD 164509 b,0.2
781,HD 16417 b,0.06
782,HD 156668 b,0.05
783,HD 156668 c,0.049
784,HD 147379 b,0.16
785,HD 134606 b,0.343
786,HD 134606 c,0.343
787,HD 134606 d,0.343
788,HD 134606 e,0.343
789,HD 134606 f,0.343
790,HD 134060 b,0.14
791,HD 134060 c,0.14
792,HD 133131 A b,-0.306
793,HD 133131 A c,-0.306
794,HD 117618 b,0.03
795,HD 10975 b,-0.21
796,HD 109749 b,0.24
797,HD 109271 b,0.1
798,HD 109271 c,0.1
799,HD 108147 b,0.18
800,HD 107148 b,0.314
801,HD 107148 c,0.296
802,HD 103774 b,0.28
803,HD 10180 c,0.08
804,HD 10180 d,0.08
805,HD 10180 e,0.08
806,HD 10180 f,0.08
807,HD 10180 g,0.08
808,HD 10180 h,0.08
809,HATS-72 b,0.099
810,HATS-62 b,0.133
811,HATS-50 b,
812,HATS-46 b,-0.06
813,HAT-P-46 b,0.3
814,HAT-P-18 b,0.1
815,HAT-P-12 b,-0.29
816,GJ 9066 c,-0.13
817,GJ 649 b,-0.15
818,GJ 433 b,-0.17
819,GJ 433 c,-0.17
820,GJ 433 d,-0.17
821,GJ 414 A b,0.24
822,GJ 414 A c,0.24
823,GJ 3512 b,-0.07
824,GJ 3512 c,-0.07
825,GJ 3293 b,0.02
826,GJ 3293 c,0.02
827,GJ 3293 d,0.02
828,GJ 3293 e,0.02
829,GJ 163 b,
830,GJ 163 c,
831,GJ 163 d,
832,GJ 15 A c,-0.34
833,GJ 143 b,0.003
834,HD 21749 c,0.003
835,GJ 1148 b,0.159555100809
836,GJ 1148 c,0.159555100809
837,DMPP-2 b,
838,CoRoTID 223977153 b,0.0
839,CoRoT-28 b,0.15
840,CoRoT-25 b,-0.01
841,CoRoT-24 b,0.3
842,CoRoT-24 c,0.3
843,BD-08 2823 b,-0.06
844,BD-08 2823 c,-0.07
845,BD-06 1339 c,-0.14
846,51 Peg b,0.18
847,61 Vir b,-0.01
848,61 Vir c,-0.01
849,61 Vir d,-0.01
850,DMPP-1 b,
851,DMPP-1 c,
852,DMPP-1 d,
853,DMPP-1 e,
854,DMPP-4 b,-0.007
855,EPIC 220674823 b,0.11
856,EPIC 220674823 c,0.11
857,EPIC 229004835 b,-0.12
858,EPIC 249893012 b,0.2
859,EPIC 249893012 c,0.2
860,EPIC 249893012 d,0.2
861,GJ 160.2 b,
862,GJ 2056 b,
863,GJ 3942 b,-0.04
864,GJ 9404 b,
865,GJ 9827 b,-0.29
866,GJ 9827 c,-0.29
867,GJ 9827 d,-0.29
868,HD 102365 b,-0.26
869,HD 103949 b,
870,HD 110067 b,-0.2
871,HD 110067 c,-0.2
872,HD 110067 d,-0.2
873,HD 110067 e,-0.2
874,HD 110067 f,-0.2
875,HD 110067 g,-0.2
876,HD 125595 b,0.08
877,HD 136352 b,-0.24
878,HD 136352 c,-0.24
879,HD 136352 d,-0.24
880,HD 13808 b,-0.21
881,HD 13808 c,-0.21
882,HD 141004 b,0.025
883,HD 1461 b,0.19
884,HD 1461 c,0.19
885,HD 15337 b,0.15
886,HD 15337 c,0.15
887,HD 154088 b,0.28
888,HD 158259 b,
889,HD 158259 c,
890,HD 158259 d,
891,HD 158259 e,
892,HD 158259 f,
893,HD 164595 b,-0.04
894,HD 168009 b,0.018
895,HD 175607 b,-0.62
896,HD 176986 b,0.03
897,HD 176986 c,0.03
898,HD 177565 b,
899,HD 189567 b,-0.24
900,HD 189567 c,-0.24
901,HD 190007 b,0.16
902,HD 20003 b,0.04
903,HD 20003 c,0.04
904,HD 20781 b,-0.11
905,HD 20781 c,-0.11
906,HD 20781 d,-0.11
907,HD 20781 e,-0.11
908,HD 207897 b,-0.03
909,HD 211970 b,
910,HD 213885 b,-0.04
911,HD 213885 c,-0.04
912,HD 215497 b,0.2
913,HD 215497 c,0.2
914,HD 216520 b,-0.16
915,HD 216520 c,-0.16
916,HD 21693 b,0.0
917,HD 21693 c,0.0
918,HD 219134 b,0.11
919,HD 219134 c,0.11
920,HD 219134 d,0.11
921,HD 219134 g,0.08
922,HD 219134 h,0.08
923,HD 22496 b,-0.08
924,HD 23472 b,-0.2
925,HD 23472 c,-0.2
926,HD 23472 d,-0.2
927,HD 23472 e,-0.2
928,HD 23472 f,-0.2
929,HD 24085 b,
930,TOI-784 b,-0.13
931,HD 31527 b,-0.17
932,HD 31527 c,-0.17
933,HD 31527 d,-0.17
934,HD 3167 b,0.04
935,HD 3167 c,0.04
936,HD 3167 d,0.04
937,HD 3167 e,0.04
938,HD 39194 b,-0.61
939,HD 39194 c,-0.61
940,HD 39194 d,-0.61
941,HD 39855 b,
942,HD 40307 b,-0.31
943,HD 40307 c,-0.31
944,HD 40307 d,-0.31
945,HD 40307 f,-0.31
946,HD 42618 b,-0.09
947,HD 4308 b,-0.35
948,HD 45184 b,0.04
949,HD 45184 c,0.04
950,HD 51608 b,-0.07
951,HD 51608 c,-0.07
952,HD 5278 b,-0.12
953,HD 5278 c,-0.12
954,HD 64114 b,
955,HD 69830 b,-0.05
956,HD 69830 c,-0.05
957,HD 69830 d,-0.05
958,HD 73583 b,0.0
959,HD 73583 c,0.0
960,HD 77338 b,0.32
961,HD 7924 b,-0.21
962,HD 7924 c,-0.15
963,HD 7924 d,-0.15
964,HD 86226 b,0.018
965,HD 86226 c,0.018
966,HD 90156 b,-0.24
967,HD 93385 b,0.02
968,HD 93385 c,0.02
969,HD 93385 d,0.02
970,HD 96700 b,-0.18
971,HD 96700 c,-0.18
972,HD 96700 d,-0.18
973,HD 97658 b,-0.23
974,HD 99492 b,0.3
975,HD 99492 c,0.3
976,HIP 107772 b,
977,HD 42813 b,0.24
978,HIP 29442 c,0.24
979,HIP 29442 d,0.24
980,HIP 35173 b,
981,HIP 38594 b,
982,HIP 38594 c,
983,HIP 4845 b,
984,HIP 9618 b,-0.018
985,HIP 9618 c,-0.018
986,HIP 116454 b,0.0
987,K2-110 b,-0.34
988,K2-111 b,-0.46
989,K2-111 c,-0.46
990,K2-12 b,0.0
991,K2-131 b,-0.04
992,K2-136 b,-0.02
993,K2-136 c,-0.02
994,K2-136 d,-0.02
995,K2-141 b,0.0
996,K2-141 c,0.0
997,K2-167 b,-0.456
998,K2-19 b,0.06
999,K2-19 c,0.06
1000,K2-19 d,0.06
1001,K2-199 b,-0.01
1002,K2-199 c,-0.01
1003,K2-216 b,0.0
1004,K2-222 b,-0.315
1005,K2-263 b,-0.08
1006,K2-265 b,0.033
1007,K2-32 b,-0.06
1008,K2-32 c,-0.06
1009,K2-32 d,-0.06
1010,K2-32 e,-0.06
1011,K2-36 b,-0.09
1012,K2-36 c,-0.09
1013,K2-38 b,0.235
1014,K2-38 c,0.235
1015,K2-66 b,-0.047
1016,Kepler-10 b,-0.15
1017,Kepler-10 c,-0.15
1018,Kepler-10 d,-0.15
1019,Kepler-102 b,0.11
1020,Kepler-102 c,0.11
1021,Kepler-102 d,0.11
1022,Kepler-102 e,0.11
1023,Kepler-102 f,0.11
1024,Kepler-104 b,-0.42
1025,Kepler-104 c,-0.42
1026,Kepler-104 d,-0.42
1027,Kepler-106 b,-0.12
1028,Kepler-106 c,-0.12
1029,Kepler-106 d,-0.12
1030,Kepler-106 e,-0.12
1031,Kepler-107 b,0.321
1032,Kepler-107 c,0.321
1033,Kepler-107 d,0.321
1034,Kepler-107 e,0.321
1035,Kepler-109 b,-0.02
1036,Kepler-109 c,-0.02
1037,Kepler-11 b,0.05
1038,Kepler-11 c,0.05
1039,Kepler-11 d,0.05
1040,Kepler-11 e,0.05
1041,Kepler-11 f,0.05
1042,Kepler-11 g,0.05
1043,Kepler-113 b,0.05
1044,Kepler-113 c,0.05
1045,Kepler-126 b,-0.16
1046,Kepler-126 c,-0.16
1047,Kepler-126 d,-0.16
1048,Kepler-131 b,0.12
1049,Kepler-131 c,0.12
1050,Kepler-1655 b,-0.24
1051,Kepler-1710 b,-0.04
1052,Kepler-18 b,0.19
1053,Kepler-18 c,0.19
1054,Kepler-18 d,0.19
1055,Kepler-19 b,-0.13
1056,Kepler-19 c,-0.08
1057,Kepler-19 d,-0.08
1058,Kepler-20 b,0.07
1059,Kepler-20 c,0.07
1060,Kepler-20 d,0.07
1061,Kepler-20 e,0.07
1062,Kepler-20 f,0.07
1063,Kepler-20 g,0.07
1064,Kepler-21 b,-0.03
1065,Kepler-22 b,-0.255
1066,Kepler-25 b,-0.04
1067,Kepler-25 c,-0.04
1068,Kepler-25 d,-0.04
1069,Kepler-323 b,-0.14
1070,Kepler-323 c,-0.14
1071,Kepler-36 b,-0.18
1072,Kepler-36 c,-0.18
1073,Kepler-37 b,-0.36
1074,Kepler-37 c,-0.36
1075,Kepler-37 d,-0.36
1076,Kepler-37 e,-0.36
1077,Kepler-406 b,0.18
1078,Kepler-406 c,0.18
1079,Kepler-409 b,0.05
1080,Kepler-50 b,0.03
1081,Kepler-50 c,0.03
1082,Kepler-507 b,0.06
1083,Kepler-538 b,-0.09
1084,Kepler-78 b,-0.18
1085,Kepler-92 b,0.138
1086,Kepler-92 c,0.138
1087,Kepler-92 d,0.138
1088,Kepler-95 b,0.3
1089,Kepler-96 b,0.04
1090,Kepler-97 b,-0.2
1091,Kepler-97 c,-0.2
1092,Kepler-98 b,0.18
1093,Kepler-99 b,0.18
1094,TOI-1246 b,0.17
1095,TOI-1246 c,0.168
1096,TOI-1246 d,0.168
1097,TOI-1246 e,0.168
1098,TOI-1416 b,0.08
1099,TOI-1422 b,-0.09
1100,TOI-1759 b,0.05
1101,TOI-1807 b,0.044
1102,TOI-1853 b,0.11
1103,TOI-2134 b,0.12
1104,TOI-2134 c,0.12
1105,TOI-431 b,0.2
1106,TOI-431 c,0.2
1107,TOI-431 d,0.2
1108,TOI-500 b,0.12
1109,TOI-500 c,0.12
1110,TOI-500 d,0.12
1111,TOI-500 e,0.12
1112,TOI-5398 b,0.09
1113,TOI-5398 c,0.09
1114,TOI-561 b,-0.4
1115,TOI-561 c,-0.4
1116,WASP-132 b,0.18
1117,WASP-132 c,0.18
1118,Wolf 503 b,-0.47
